"Identified known (n = 31) and novel (n = 80) atrial fibrillation risk loci, each represented by the locus index variant. Results are based on meta-analysis of 60,620 atrial fibrillation cases and 970,216 controls of mainly European ancestry.",,,,,,,,,,,,
Locus No.,rsID,Position (hg19),Risk/reference allele,RAF,OR [95% CI],P-value,P-value heterogeneity,Novelty of locus,Annotation,No. additional independent risk variants,No. prioritized genes,Prioritized genes
1,rs284277,chr1:10790797,C/A,0.383,1.04 [1.03-1.06],1.245e-09,0.7272,novel,intronic/CASZ1,0,1,CASZ1
2,rs7529220,chr1:22282619,C/T,0.847,1.06 [1.04-1.08],1.983e-10,0.517,novel,intergenic/.,0,1,HSPG2
3,rs2885697,chr1:41544279,G/T,0.352,1.04 [1.03-1.06],2.884e-10,0.9084,novel,intronic/SCMH1,0,1,SCMH1
4,rs11590635,chr1:49309764,A/G,0.024,1.16 [1.10-1.21],4.123e-09,0.04013,novel,intronic/AGBL4,0,1,AGBL4
5,rs146518726,chr1:51535039,A/G,0.033,1.17 [1.13-1.22],8.27e-15,0.09511,known,intergenic/.,0,1,MIR6500
6,rs1545300,chr1:112464004,C/T,0.691,1.06 [1.04-1.07],1.481e-14,0.166,known,intronic/KCND3,0,1,KCND3
7,rs4073778,chr1:116297758,A/C,0.564,1.05 [1.04-1.06],4.956e-13,0.02131,novel,intronic/CASQ2,0,1,CASQ2
8,rs79187193,chr1:147255831,G/A,0.943,1.12 [1.09-1.16],3.15e-14,0.9398,novel,intergenic/.,1,1,GJA5
9,rs11264280,chr1:154862952,T/C,0.333,1.14 [1.13-1.16],3.067e-79,0.2128,known,intergenic/.,2,1,KCNN3
10,rs72700114,chr1:170193825,C/G,0.076,1.22 [1.19-1.26],3.288e-54,0.00007384,known,intergenic/.,2,1,LINC01142
11,rs10753933,chr1:203026214,T/G,0.448,1.06 [1.05-1.08],9.844e-20,0.157,known,intronic/PPFIA4,0,1,PPFIA4
12,rs4951258,chr1:205691316,A/G,0.416,1.04 [1.02-1.05],2.104e-08,0.6538,novel,intronic/NUCKS1,0,2,"NUCKS1,SLC41A1"
13,rs7578393,chr2:26165528,T/C,0.796,1.06 [1.05-1.08],2.42e-12,0.7295,novel,intronic/KIF3C,0,1,KIF3C
14,rs11125871,chr2:61470126,C/T,0.605,1.04 [1.03-1.05],6.416e-09,0.6207,novel,intronic/USP34,0,1,USP34
15,rs2540949,chr2:65284231,A/T,0.615,1.07 [1.05-1.08],2.949e-22,0.2311,known,intronic/CEP68,0,1,CEP68
16,rs6747542,chr2:70106832,T/C,0.536,1.06 [1.04-1.07],1.096e-16,0.04156,known,downstream/GMCL1,0,2,"GMCL1,ANXA4"
17,rs72926475,chr2:86594487,G/A,0.877,1.07 [1.05-1.09],2.372e-11,0.0005931,novel,intergenic/.,0,1,REEP1
18,rs28387148,chr2:127433465,T/C,0.105,1.08 [1.05-1.10],6.251e-11,0.2313,novel,intronic/GYPC,0,1,GYPC
19,rs67969609,chr2:145760353,G/C,0.071,1.07 [1.05-1.10],1.712e-08,0.2223,novel,ncRNA_intronic/TEX41,0,1,TEX41
20,rs56181519,chr2:175555714,C/T,0.732,1.07 [1.05-1.08],6.463e-18,0.6524,novel,intergenic/.,0,1,WIPF1
21,rs2288327,chr2:179411665,G/A,0.156,1.10 [1.08-1.12],7.257e-25,0.02491,known,intronic/TTN,0,4,"TTN,MIR548N,FKBP7,TTN-AS1"
22,rs3820888,chr2:201180023,C/T,0.392,1.07 [1.06-1.09],5.748e-24,0.269,novel,intronic/SPATS2L,0,1,SPATS2L
23,rs35544454,chr2:213266003,A/T,0.808,1.06 [1.04-1.08],1.1e-11,0.2081,novel,intronic/ERBB4,0,1,ERBB4
24,rs7650482,chr3:12841804,G/A,0.640,1.07 [1.06-1.09],1.793e-24,0.3346,known,intronic/CAND2,0,1,CAND2
25,rs73041705,chr3:24463235,T/C,0.702,1.05 [1.03-1.06],1.546e-09,0.1572,novel,intronic/THRB,0,1,THRB
26,rs6790396,chr3:38771925,G/C,0.596,1.06 [1.05-1.08],2.401e-20,0.9323,known,intronic/SCN10A,2,2,"SCN10A,SCN5A"
27,rs34080181,chr3:66454191,G/A,0.621,1.05 [1.03-1.06],1.278e-10,0.4665,novel,intronic/LRIG1,0,2,"LRIG1,SLC25A26"
28,rs17005647,chr3:69406181,T/C,0.364,1.04 [1.03-1.06],2.698e-09,0.3107,novel,intronic/FRMD4B,0,1,FRMD4B
29,rs6771054,chr3:89489529,T/C,0.596,1.05 [1.03-1.06],2.424e-11,0.0008194,novel,intronic/EPHA3,0,1,EPHA3
30,rs10804493,chr3:111554426,A/G,0.651,1.06 [1.04-1.07],1.629e-15,0.3613,novel,intronic/PHLDB2,0,2,"PHLDB2,PLCXD2"
31,rs1278493,chr3:135814009,G/A,0.436,1.04 [1.03-1.05],8.769e-09,0.5827,novel,intronic/PPP2R3A,0,1,PPP2R3A
32,rs7612445,chr3:179172979,T/G,0.188,1.05 [1.03-1.07],4.808e-09,0.7028,novel,upstream/GNB4,0,1,GNB4
33,rs60902112,chr3:194800853,T/C,0.226,1.05 [1.03-1.06],1.719e-08,0.6992,novel,intronic/XXYLT1,0,1,XXYLT1
34,rs1458038,chr4:81164723,T/C,0.309,1.04 [1.03-1.06],1.735e-09,0.8185,novel,intergenic/.,0,1,FGF5
35,rs10006327,chr4:103890980,C/T,0.490,1.04 [1.02-1.05],4.423e-08,0.8037,novel,intronic/SLC9B1,0,1,SLC9B1
36,rs67249485,chr4:111699685,T/A,0.199,1.44 [1.42-1.46],7.32e-443,8.237E-10,known,intergenic/.,9,1,PITX2
37,rs6829664,chr4:114448656,G/A,0.262,1.06 [1.04-1.07],1.922e-13,0.1538,novel,intronic/CAMK2D,0,1,CAMK2D
38,rs10213171,chr4:148937537,G/C,0.061,1.10 [1.07-1.12],1.323e-11,0.5141,novel,intronic/ARHGAP10,0,1,ARHGAP10
39,rs12648245,chr4:174641184,T/C,0.924,1.10 [1.07-1.12],3.454e-13,0.6135,known,intergenic/.,1,2,"HAND2,HAND2-AS1"
40,rs6596717,chr5:106427609,C/A,0.395,1.04 [1.03-1.06],3e-09,0.6281,novel,intergenic/.,0,1,LOC102467213
41,rs337705,chr5:113737062,G/T,0.375,1.06 [1.04-1.07],1.634e-16,0.8399,known,intronic/KCNN2,0,1,KCNN2
42,rs2012809,chr5:128190363,G/A,0.790,1.06 [1.04-1.08],4.923e-10,0.4516,novel,intergenic/.,0,1,SLC27A6
43,rs2040862,chr5:137419989,T/C,0.178,1.11 [1.10-1.13],1.077e-35,0.1216,known,intronic/WNT8A,0,4,"WNT8A,NPY6R,MYOT,FAM13B"
44,rs6580277,chr5:142818123,G/A,0.237,1.07 [1.05-1.09],1.643e-17,0.326,novel,upstream/NR3C1,0,1,NR3C1
45,rs12188351,chr5:168386089,A/G,0.056,1.09 [1.06-1.12],2.516e-09,0.8315,novel,intronic/SLIT3,0,1,SLIT3
46,rs6891790,chr5:172670745,G/T,0.717,1.08 [1.06-1.09],4.531e-22,0.1147,novel,intergenic/.,1,1,NKX2-5
47,rs73366713,chr6:16415751,G/A,0.860,1.11 [1.09-1.13],1.531e-25,0.2106,novel,intronic/ATXN1,0,1,ATXN1
48,rs34969716,chr6:18210109,A/G,0.305,1.07 [1.06-1.09],1.595e-19,0.1766,novel,intronic/KDM1B,0,2,"KDM1B,DEK"
49,rs3176326,chr6:36647289,G/A,0.802,1.06 [1.05-1.08],1.424e-13,0.4024,novel,intronic/CDKN1A,0,3,"CDKN1A,PANDAR,PI16"
50,rs2031522,chr6:87821501,A/G,0.624,1.04 [1.03-1.06],1.465e-10,0.9105,novel,intergenic/.,0,1,CGA
51,rs3951016,chr6:118559658,A/T,0.459,1.07 [1.05-1.08],2.149e-22,0.2102,known,intronic/SLC35F1,0,2,"SLC35F1,PLN"
52,rs13195459,chr6:122403559,G/A,0.638,1.06 [1.05-1.08],4.152e-19,0.06368,known,intergenic/.,1,1,HSF2
53,rs117984853,chr6:149399100,T/G,0.101,1.13 [1.10-1.16],1.342e-24,0.222,novel,downstream/UST,0,1,UST
54,rs55734480,chr7:14372009,A/G,0.249,1.06 [1.04-1.07],2.201e-12,0.1138,novel,intronic/DGKB,0,1,DGKB
55,rs6462079,chr7:28415827,A/G,0.721,1.05 [1.03-1.06],8.793e-10,0.3407,novel,intronic/CREB5,0,1,CREB5
56,rs35005436,chr7:74134911,C/T,0.155,1.06 [1.04-1.08],3.342e-10,0.9293,novel,intronic/GTF2I,0,3,"GTF2I,LOC101926943,GTF2IRD2"
57,rs56201652,chr7:92278116,G/A,0.733,1.05 [1.04-1.07],1.743e-12,0.2072,novel,intronic/CDK6,0,1,CDK6
58,rs11773845,chr7:116191301,A/C,0.586,1.11 [1.10-1.13],2.39e-55,0.06446,known,intronic/CAV1,0,2,"CAV1,CAV2"
59,rs55985730,chr7:128417044,G/T,0.060,1.09 [1.06-1.12],5.236e-09,0.9485,novel,upstream/OPN1SW,0,2,"OPN1SW,CALU"
60,rs7789146,chr7:150661409,G/A,0.821,1.06 [1.04-1.08],2.116e-11,0.8372,novel,intronic/KCNH2,0,1,KCNH2
61,rs35620480,chr8:11499908,C/A,0.157,1.06 [1.04-1.07],5.152e-09,0.4127,novel,intergenic/.,0,1,GATA4
62,rs7508,chr8:17913970,A/G,0.711,1.07 [1.06-1.09],1.691e-21,0.3918,known,UTR3/ASAH1,0,1,ASAH1
63,rs7834729,chr8:21821778,G/T,0.885,1.07 [1.05-1.09],3.553e-10,0.2433,novel,intronic/XPO7,0,1,XPO7
64,rs62521286,chr8:124551975,G/A,0.066,1.13 [1.10-1.16],4.498e-19,0.5818,novel,intronic/FBXO32,1,1,FBXO32
65,rs6994744,chr8:141740868,C/A,0.495,1.04 [1.03-1.05],1.095e-09,0.1861,novel,intronic/PTK2,0,1,PTK2
66,rs10821415,chr9:97713459,A/C,0.413,1.09 [1.07-1.10],2.924e-34,0.2604,known,intronic/C9orf3,0,1,C9orf3
67,rs2274115,chr9:139094773,G/A,0.700,1.05 [1.03-1.07],1.691e-10,0.7551,novel,intronic/LHX3,0,1,LHX3
68,rs12245149,chr10:65321147,C/A,0.526,1.05 [1.03-1.06],1.664e-12,0.351,novel,intronic/REEP3,0,2,"REEP3,NRBF2"
69,rs7096385,chr10:69664881,T/C,0.092,1.07 [1.05-1.10],4.871e-08,0.2429,novel,intronic/SIRT1,0,2,"SIRT1,MYPN"
70,rs60212594,chr10:75414344,G/C,0.856,1.12 [1.10-1.15],9.199e-35,0.1377,known,intronic/SYNPO2L,0,4,"SYNPO2L,NUDT13,MYOZ1,AGAP5"
71,rs10458660,chr10:77936576,G/A,0.173,1.06 [1.04-1.07],6.783e-10,0.5728,novel,intronic/C10orf11,0,1,C10orf11
72,rs11598047,chr10:105342672,G/A,0.162,1.17 [1.15-1.19],8.952e-66,0.1803,known,intronic/NEURL1,2,1,NEURL1
73,rs10749053,chr10:112576695,T/C,0.158,1.06 [1.04-1.08],1.049e-08,0.9762,novel,intronic/RBM20,0,1,RBM20
74,rs10741807,chr11:20011445,T/C,0.245,1.08 [1.06-1.09],1.591e-20,0.6009,novel,intronic/NAV2,0,1,NAV2
75,rs4935786,chr11:121661507,T/A,0.267,1.05 [1.03-1.06],4.854e-09,0.2487,novel,intergenic/.,0,1,SORL1
76,rs76097649,chr11:128764570,A/G,0.093,1.12 [1.10-1.15],1.26e-20,0.04161,known,intronic/KCNJ5,0,1,KCNJ5
77,rs4963776,chr12:24779491,G/T,0.818,1.10 [1.08-1.11],1.839e-25,0.2043,known,intergenic/.,1,1,LINC00477
78,rs17380837,chr12:26345526,C/T,0.693,1.05 [1.04-1.07],4.799e-12,0.1682,novel,upstream/SSPN,0,1,SSPN
79,rs12809354,chr12:32978437,C/T,0.144,1.07 [1.05-1.09],2.886e-14,0.006287,novel,intronic/PKP2,0,1,PKP2
80,rs2860482,chr12:57105938,A/C,0.274,1.06 [1.04-1.07],1.212e-12,0.6966,novel,downstream/NACA,1,1,NACA
81,rs71454237,chr12:70013415,G/A,0.791,1.06 [1.05-1.08],1.784e-13,0.9744,novel,intergenic/.,1,1,LRRC10
82,rs12426679,chr12:76237987,C/T,0.472,1.04 [1.03-1.05],4.945e-09,0.02546,novel,intergenic/.,0,1,PHLDA1
83,rs883079,chr12:114793240,T/C,0.707,1.10 [1.09-1.12],2.837e-40,0.04864,known,UTR3/TBX5,0,1,TBX5
84,rs10773657,chr12:123327900,C/A,0.138,1.06 [1.04-1.08],2.537e-08,0.3557,novel,intronic/HIP1R,0,1,HIP1R
85,rs6560886,chr12:133150210,C/T,0.788,1.05 [1.03-1.07],1.491e-08,0.5947,novel,intronic/FBRSL1,0,1,FBRSL1
86,rs9506925,chr13:23368943,T/C,0.267,1.05 [1.03-1.06],2.716e-09,0.3439,novel,intergenic/.,0,3,"LINC00540,LINC00621,SGCG"
87,rs35569628,chr13:113872712,T/C,0.777,1.05 [1.03-1.06],1.378e-08,0.02716,novel,intronic/CUL4A,0,1,CUL4A
88,rs422068,chr14:23864804,C/T,0.349,1.04 [1.03-1.06],3.873e-10,0.001817,known,intronic/MYH6,0,2,"MYH6,MYH7"
89,rs11156751,chr14:32990437,C/T,0.285,1.07 [1.06-1.09],6.941e-21,0.3679,novel,intronic/AKAP6,1,1,AKAP6
90,rs73241997,chr14:35173775,T/C,0.142,1.08 [1.06-1.10],2.942e-15,0.4541,novel,intergenic/.,0,1,CFL2
91,rs2738413,chr14:64679960,A/G,0.495,1.08 [1.07-1.10],2.546e-31,0.32,known,intronic/SYNE2,0,4,"SYNE2,MIR548AZ,ESR2,MTHFD1"
92,rs74884082,chr14:73249419,C/T,0.750,1.05 [1.03-1.07],3.479e-10,0.278,novel,intronic/DPF3,0,1,DPF3
93,rs10873298,chr14:77426525,C/T,0.366,1.04 [1.03-1.06],7.072e-09,0.07965,novel,intergenic/.,0,1,IRF2BPL
94,rs147301839,chr15:57924714,C/A,0.007,1.39 [1.26-1.55],1.931e-10,0.8498,known,nonsynonymous/GCOM1,0,1,GCOM1/MYZAP
95,rs7170477,chr15:64103777,A/G,0.304,1.04 [1.03-1.05],4.977e-08,0.4655,novel,intronic/HERC1,0,1,HERC1
96,rs74022964,chr15:73677264,T/C,0.157,1.12 [1.10-1.14],3.51e-36,0.3813,known,intergenic/.,0,1,HCN4
97,rs12908004,chr15:80676925,G/A,0.164,1.08 [1.06-1.10],4.115e-16,0.0801,novel,intergenic/.,1,1,ARNT2
98,rs4965430,chr15:99268850,C/G,0.386,1.05 [1.03-1.06],1.258e-10,0.2496,novel,intronic/IGF1R,0,1,IGF1R
99,rs140185678,chr16:2003016,A/G,0.035,1.18 [1.13-1.23],2.434e-14,0.2115,known,nonsynonymous/RPL3L,2,1,RPL3L
100,rs2359171,chr16:73053022,A/T,0.176,1.19 [1.17-1.21],4.65e-91,0.000857,known,intronic/ZFHX3,1,1,ZFHX3
101,rs7225165,chr17:1309850,G/A,0.887,1.07 [1.04-1.09],3.203e-09,0.7455,novel,intergenic/.,0,3,"YWHAE,CRK,MYO1C"
102,rs9899183,chr17:7452977,T/C,0.714,1.05 [1.03-1.06],2.017e-09,0.4862,novel,intronic/TNFSF12,0,4,"TNFSF12,TNFSF12-TNFSF13,SOX15,FXR2"
103,rs72811294,chr17:12618680,G/C,0.887,1.07 [1.05-1.10],9.67e-12,0.1729,novel,intronic/MYOCD,0,1,MYOCD
104,rs11658278,chr17:38031164,T/C,0.479,1.05 [1.03-1.06],3.465e-11,0.8102,novel,intronic/ZPBP2,0,3,"ZPBP2,GSDMB,ORMDL3"
105,rs1563304,chr17:44874453,T/C,0.178,1.07 [1.05-1.09],2.557e-12,0.426,known,intronic/WNT3,0,1,WNT3
106,rs12604076,chr17:76773638,T/C,0.478,1.04 [1.02-1.05],3.627e-08,0.5654,novel,intronic/CYTH1,0,2,"CYTH1,USP36"
107,rs9953366,chr18:46474192,C/T,0.663,1.05 [1.04-1.07],1.823e-11,0.8716,novel,intronic/SMAD7,0,1,SMAD7
108,rs8088085,chr18:48708548,A/C,0.535,1.04 [1.02-1.05],4.794e-08,0.5619,novel,intronic/MEX3C,1,1,MEX3C
109,rs2834618,chr21:36119111,T/G,0.894,1.10 [1.08-1.12],3.412e-17,0.1981,novel,ncRNA_intronic/LINC01426,0,1,LINC01426
110,rs464901,chr22:18597502,T/C,0.665,1.05 [1.04-1.07],1.531e-12,0.08242,novel,intronic/TUBA8,0,1,TUBA8
111,rs133902,chr22:26164079,T/C,0.427,1.04 [1.03-1.06],9.137e-10,0.6826,novel,intronic/MYO18B,0,1,MYO18B
