"","SampleID","Drug","Conc","Percent","Name","sDrug","indv",".group"
"1","ind3a","Daun",0.01,1.06096222022329,"Daunorubicin","DNR","3",1
"2","ind3a","Daun",0.01,0.848126885020371,"Daunorubicin","DNR","3",1
"3","ind3a","Daun",0.01,1.1239351288428,"Daunorubicin","DNR","3",1
"4","ind3a","Daun",0.01,0.800677284512408,"Daunorubicin","DNR","3",1
"5","ind3a","Daun",0.05,1.31669189533706,"Daunorubicin","DNR","3",2
"6","ind3a","Daun",0.05,1.04421656442416,"Daunorubicin","DNR","3",2
"7","ind3a","Daun",0.05,0.864835027258345,"Daunorubicin","DNR","3",2
"8","ind3a","Daun",0.05,1.28504603758123,"Daunorubicin","DNR","3",2
"9","ind3a","Daun",0.1,1.2828729359674,"Daunorubicin","DNR","3",3
"10","ind3a","Daun",0.1,1.19749848414344,"Daunorubicin","DNR","3",3
"11","ind3a","Daun",0.1,0.756800203054275,"Daunorubicin","DNR","3",3
"12","ind3a","Daun",0.1,0.89005457083633,"Daunorubicin","DNR","3",3
"13","ind3a","Daun",0.5,0.456346935481504,"Daunorubicin","DNR","3",4
"14","ind3a","Daun",0.5,0.60583850567123,"Daunorubicin","DNR","3",4
"15","ind3a","Daun",0.5,0.491599536323752,"Daunorubicin","DNR","3",4
"16","ind3a","Daun",0.5,0.732564452465848,"Daunorubicin","DNR","3",4
"17","ind3a","Daun",1,0.241984025232188,"Daunorubicin","DNR","3",5
"18","ind3a","Daun",1,0.298539759355231,"Daunorubicin","DNR","3",5
"19","ind3a","Daun",1,0.301194195152194,"Daunorubicin","DNR","3",5
"20","ind3a","Daun",1,0.259460565677724,"Daunorubicin","DNR","3",5
"21","ind3a","Daun",5,0.0928678735729609,"Daunorubicin","DNR","3",6
"22","ind3a","Daun",5,0.134640003273495,"Daunorubicin","DNR","3",6
"23","ind3a","Daun",5,0.0507040936219465,"Daunorubicin","DNR","3",6
"24","ind3a","Daun",5,0.129490094755979,"Daunorubicin","DNR","3",6
"25","ind3a","Daun",10,0.335600163270066,"Daunorubicin","DNR","3",7
"26","ind3a","Daun",10,0,"Daunorubicin","DNR","3",7
"27","ind3a","Daun",10,0.0845359923029826,"Daunorubicin","DNR","3",7
"28","ind3a","Daun",10,0.0998425610076095,"Daunorubicin","DNR","3",7
"29","ind3a","Daun",50,0,"Daunorubicin","DNR","3",8
"30","ind3a","Daun",50,0,"Daunorubicin","DNR","3",8
"31","ind3a","Daun",50,0.0642559929299996,"Daunorubicin","DNR","3",8
"32","ind3a","Daun",50,0.0870862024524064,"Daunorubicin","DNR","3",8
"33","ind3b","Daun",0.01,0.800677284512408,"Daunorubicin","DNR","3",9
"34","ind3b","Daun",0.01,0.848126885020371,"Daunorubicin","DNR","3",9
"35","ind3b","Daun",0.01,1.06096222022329,"Daunorubicin","DNR","3",9
"36","ind3b","Daun",0.01,1.1239351288428,"Daunorubicin","DNR","3",9
"37","ind3b","Daun",0.05,0.864835027258345,"Daunorubicin","DNR","3",10
"38","ind3b","Daun",0.05,1.04421656442416,"Daunorubicin","DNR","3",10
"39","ind3b","Daun",0.05,1.28504603758123,"Daunorubicin","DNR","3",10
"40","ind3b","Daun",0.05,1.31669189533706,"Daunorubicin","DNR","3",10
"41","ind3b","Daun",0.1,0.621439488675837,"Daunorubicin","DNR","3",11
"42","ind3b","Daun",0.1,0.730860080589134,"Daunorubicin","DNR","3",11
"43","ind3b","Daun",0.1,0.875374389008273,"Daunorubicin","DNR","3",11
"44","ind3b","Daun",0.1,1.05341924876106,"Daunorubicin","DNR","3",11
"45","ind3b","Daun",0.5,0.40224139268993,"Daunorubicin","DNR","3",12
"46","ind3b","Daun",0.5,0.433314364054942,"Daunorubicin","DNR","3",12
"47","ind3b","Daun",0.5,0.534008898316045,"Daunorubicin","DNR","3",12
"48","ind3b","Daun",0.5,0.645709925243798,"Daunorubicin","DNR","3",12
"49","ind3b","Daun",1,0.496125035479373,"Daunorubicin","DNR","3",13
"50","ind3b","Daun",1,0.531956116643836,"Daunorubicin","DNR","3",13
"51","ind3b","Daun",1,0.612077795466045,"Daunorubicin","DNR","3",13
"52","ind3b","Daun",1,0.617520022706798,"Daunorubicin","DNR","3",13
"53","ind3b","Daun",5,0.0482892231636846,"Daunorubicin","DNR","3",14
"54","ind3b","Daun",5,0.0884448799171612,"Daunorubicin","DNR","3",14
"55","ind3b","Daun",5,0.123322904256622,"Daunorubicin","DNR","3",14
"56","ind3b","Daun",5,0.128227539443065,"Daunorubicin","DNR","3",14
"57","ind3b","Daun",10,0,"Daunorubicin","DNR","3",15
"58","ind3b","Daun",10,0.0500131522775001,"Daunorubicin","DNR","3",15
"59","ind3b","Daun",10,0.0590688187529916,"Daunorubicin","DNR","3",15
"60","ind3b","Daun",10,0.198547643586216,"Daunorubicin","DNR","3",15
"61","ind3b","Daun",50,0,"Daunorubicin","DNR","3",16
"62","ind3b","Daun",50,0,"Daunorubicin","DNR","3",16
"63","ind3b","Daun",50,0.0642559929299996,"Daunorubicin","DNR","3",16
"64","ind3b","Daun",50,0.0870862024524064,"Daunorubicin","DNR","3",16
"65","ind5a","Daun",0.01,1.29361822961035,"Daunorubicin","DNR","5",17
"66","ind5a","Daun",0.01,1.10869616187194,"Daunorubicin","DNR","5",17
"67","ind5a","Daun",0.01,1.0688221456316,"Daunorubicin","DNR","5",17
"68","ind5a","Daun",0.01,0.962251764319711,"Daunorubicin","DNR","5",17
"69","ind5a","Daun",0.05,1.11204017126589,"Daunorubicin","DNR","5",18
"70","ind5a","Daun",0.05,0.940041994515307,"Daunorubicin","DNR","5",18
"71","ind5a","Daun",0.05,0.926467254988406,"Daunorubicin","DNR","5",18
"72","ind5a","Daun",0.05,0.846144649435465,"Daunorubicin","DNR","5",18
"73","ind5a","Daun",0.1,0.832166438798978,"Daunorubicin","DNR","5",19
"74","ind5a","Daun",0.1,0.795936536199167,"Daunorubicin","DNR","5",19
"75","ind5a","Daun",0.1,0.693873008807351,"Daunorubicin","DNR","5",19
"76","ind5a","Daun",0.1,0.614396998505612,"Daunorubicin","DNR","5",19
"77","ind5a","Daun",0.5,0.961365918243504,"Daunorubicin","DNR","5",20
"78","ind5a","Daun",0.5,0.889857119214432,"Daunorubicin","DNR","5",20
"79","ind5a","Daun",0.5,0.706925580625586,"Daunorubicin","DNR","5",20
"80","ind5a","Daun",0.5,0.576936062227616,"Daunorubicin","DNR","5",20
"81","ind5a","Daun",1,0.560989953442784,"Daunorubicin","DNR","5",21
"82","ind5a","Daun",1,0.413954380320254,"Daunorubicin","DNR","5",21
"83","ind5a","Daun",1,0.362087297444147,"Daunorubicin","DNR","5",21
"84","ind5a","Daun",1,0.201171920778155,"Daunorubicin","DNR","5",21
"85","ind5a","Daun",5,0.693540369324652,"Daunorubicin","DNR","5",22
"86","ind5a","Daun",5,0.283130125597808,"Daunorubicin","DNR","5",22
"87","ind5a","Daun",5,0.252897516204786,"Daunorubicin","DNR","5",22
"88","ind5a","Daun",5,0.214799432863086,"Daunorubicin","DNR","5",22
"89","ind5a","Daun",10,0.00595289914894256,"Daunorubicin","DNR","5",23
"90","ind5a","Daun",10,0,"Daunorubicin","DNR","5",23
"91","ind5a","Daun",10,0,"Daunorubicin","DNR","5",23
"92","ind5a","Daun",10,0,"Daunorubicin","DNR","5",23
"93","ind5a","Daun",50,0,"Daunorubicin","DNR","5",24
"94","ind5a","Daun",50,0,"Daunorubicin","DNR","5",24
"95","ind5a","Daun",50,0,"Daunorubicin","DNR","5",24
"96","ind5a","Daun",50,0,"Daunorubicin","DNR","5",24
"97","ind5b","Daun",0.01,1.08639057926468,"Daunorubicin","DNR","5",25
"98","ind5b","Daun",0.01,0.675429048395193,"Daunorubicin","DNR","5",25
"99","ind5b","Daun",0.01,1.05564234593454,"Daunorubicin","DNR","5",25
"100","ind5b","Daun",0.05,0.783686345200541,"Daunorubicin","DNR","5",26
"101","ind5b","Daun",0.05,1.24506130904737,"Daunorubicin","DNR","5",26
"102","ind5b","Daun",0.05,1.37827984906473,"Daunorubicin","DNR","5",26
"103","ind5b","Daun",0.05,1.55464004896652,"Daunorubicin","DNR","5",26
"104","ind5b","Daun",0.1,0.480990496313115,"Daunorubicin","DNR","5",27
"105","ind5b","Daun",0.1,0.53303713296216,"Daunorubicin","DNR","5",27
"106","ind5b","Daun",0.1,0.959207841500143,"Daunorubicin","DNR","5",27
"107","ind5b","Daun",0.5,0.76462965449207,"Daunorubicin","DNR","5",28
"108","ind5b","Daun",0.5,0.53872735869432,"Daunorubicin","DNR","5",28
"109","ind5b","Daun",0.5,0.742471382790565,"Daunorubicin","DNR","5",28
"110","ind5b","Daun",1,0.249782429800309,"Daunorubicin","DNR","5",29
"111","ind5b","Daun",1,0.427603886070179,"Daunorubicin","DNR","5",29
"112","ind5b","Daun",1,0.502838773081682,"Daunorubicin","DNR","5",29
"113","ind5b","Daun",1,0.189300874424993,"Daunorubicin","DNR","5",29
"114","ind5b","Daun",5,0,"Daunorubicin","DNR","5",30
"115","ind5b","Daun",5,0,"Daunorubicin","DNR","5",30
"116","ind5b","Daun",5,0.0401159276762764,"Daunorubicin","DNR","5",30
"117","ind5b","Daun",5,0.0432180124811582,"Daunorubicin","DNR","5",30
"118","ind5b","Daun",10,0.0104800122351775,"Daunorubicin","DNR","5",31
"119","ind5b","Daun",10,0,"Daunorubicin","DNR","5",31
"120","ind5b","Daun",10,0,"Daunorubicin","DNR","5",31
"121","ind5b","Daun",10,0.00254171248789233,"Daunorubicin","DNR","5",31
"122","ind5b","Daun",50,0,"Daunorubicin","DNR","5",32
"123","ind5b","Daun",50,0,"Daunorubicin","DNR","5",32
"124","ind5b","Daun",50,0,"Daunorubicin","DNR","5",32
"125","ind5b","Daun",50,0,"Daunorubicin","DNR","5",32
"126","ind3a","Doxo",0.01,0.853722419175618,"Doxorubicin","DOX","3",1
"127","ind3a","Doxo",0.01,0.936359066617281,"Doxorubicin","DOX","3",1
"128","ind3a","Doxo",0.01,0.987949097835864,"Doxorubicin","DOX","3",1
"129","ind3a","Doxo",0.01,1.16176781840309,"Doxorubicin","DOX","3",1
"130","ind3a","Doxo",0.05,0.614314330264161,"Doxorubicin","DOX","3",2
"131","ind3a","Doxo",0.05,0.783805469879244,"Doxorubicin","DOX","3",2
"132","ind3a","Doxo",0.05,0.735417638824078,"Doxorubicin","DOX","3",2
"133","ind3a","Doxo",0.05,1.44545485585514,"Doxorubicin","DOX","3",2
"134","ind3a","Doxo",0.1,0.810348717514841,"Doxorubicin","DOX","3",3
"135","ind3a","Doxo",0.1,0.886613928959206,"Doxorubicin","DOX","3",3
"136","ind3a","Doxo",0.1,1.06454023717867,"Doxorubicin","DOX","3",3
"137","ind3a","Doxo",0.1,0.699648885316638,"Doxorubicin","DOX","3",3
"138","ind3a","Doxo",0.5,1.12360053410808,"Doxorubicin","DOX","3",4
"139","ind3a","Doxo",0.5,1.13372511041657,"Doxorubicin","DOX","3",4
"140","ind3a","Doxo",0.5,0.882716321110475,"Doxorubicin","DOX","3",4
"141","ind3a","Doxo",0.5,0.925019442121172,"Doxorubicin","DOX","3",4
"142","ind3a","Doxo",0.5,1.03477571862482,"Doxorubicin","DOX","3",4
"143","ind3a","Doxo",1,0.207006867825951,"Doxorubicin","DOX","3",5
"144","ind3a","Doxo",1,0.146944991181976,"Doxorubicin","DOX","3",5
"145","ind3a","Doxo",1,0.26606956909057,"Doxorubicin","DOX","3",5
"146","ind3a","Doxo",1,0.533275657475551,"Doxorubicin","DOX","3",5
"147","ind3a","Doxo",5,0.488633374446867,"Doxorubicin","DOX","3",6
"148","ind3a","Doxo",5,0.407573463649596,"Doxorubicin","DOX","3",6
"149","ind3a","Doxo",5,0.431715486552367,"Doxorubicin","DOX","3",6
"150","ind3a","Doxo",10,0.46461267092335,"Doxorubicin","DOX","3",7
"151","ind3a","Doxo",10,0.551204116738097,"Doxorubicin","DOX","3",7
"152","ind3a","Doxo",10,0.406148867313916,"Doxorubicin","DOX","3",7
"153","ind3a","Doxo",10,0.771757194087291,"Doxorubicin","DOX","3",7
"154","ind3a","Doxo",50,0.0193627180223637,"Doxorubicin","DOX","3",8
"155","ind3a","Doxo",50,0.0545654281891716,"Doxorubicin","DOX","3",8
"156","ind3a","Doxo",50,0.0196143412993581,"Doxorubicin","DOX","3",8
"157","ind3a","Doxo",50,0.124277350222779,"Doxorubicin","DOX","3",8
"158","ind3b","Doxo",0.01,0.853722419175618,"Doxorubicin","DOX","3",9
"159","ind3b","Doxo",0.01,0.936359066617281,"Doxorubicin","DOX","3",9
"160","ind3b","Doxo",0.01,0.987949097835864,"Doxorubicin","DOX","3",9
"161","ind3b","Doxo",0.01,1.16176781840309,"Doxorubicin","DOX","3",9
"162","ind3b","Doxo",0.05,0.614314330264161,"Doxorubicin","DOX","3",10
"163","ind3b","Doxo",0.05,0.735417638824078,"Doxorubicin","DOX","3",10
"164","ind3b","Doxo",0.05,0.783805469879244,"Doxorubicin","DOX","3",10
"165","ind3b","Doxo",0.05,1.44545485585514,"Doxorubicin","DOX","3",10
"166","ind3b","Doxo",0.1,0.574510212588579,"Doxorubicin","DOX","3",11
"167","ind3b","Doxo",0.1,0.665410356166921,"Doxorubicin","DOX","3",11
"168","ind3b","Doxo",0.1,0.728034829327034,"Doxorubicin","DOX","3",11
"169","ind3b","Doxo",0.1,0.87413737205317,"Doxorubicin","DOX","3",11
"170","ind3b","Doxo",1,0.424413510545087,"Doxorubicin","DOX","3",13
"171","ind3b","Doxo",0.5,0.778059442820559,"Doxorubicin","DOX","3",12
"172","ind3b","Doxo",0.5,0.91209032825474,"Doxorubicin","DOX","3",12
"173","ind3b","Doxo",0.5,0.953494255426801,"Doxorubicin","DOX","3",12
"174","ind3b","Doxo",0.5,0.990383869215448,"Doxorubicin","DOX","3",12
"175","ind3b","Doxo",1,0.30127232115311,"Doxorubicin","DOX","3",13
"176","ind3b","Doxo",1,0.507877478761427,"Doxorubicin","DOX","3",13
"177","ind3b","Doxo",1,0.545506151814693,"Doxorubicin","DOX","3",13
"178","ind3b","Doxo",5,0.815347008458574,"Doxorubicin","DOX","3",14
"179","ind3b","Doxo",5,0.388162070078942,"Doxorubicin","DOX","3",14
"180","ind3b","Doxo",5,0.411154287241268,"Doxorubicin","DOX","3",14
"181","ind3b","Doxo",5,0.465361361940922,"Doxorubicin","DOX","3",14
"182","ind3b","Doxo",10,0.24028564159397,"Doxorubicin","DOX","3",15
"183","ind3b","Doxo",10,0.274873975308216,"Doxorubicin","DOX","3",15
"184","ind3b","Doxo",10,0.326103174226711,"Doxorubicin","DOX","3",15
"185","ind3b","Doxo",10,0.456586703694281,"Doxorubicin","DOX","3",15
"186","ind3b","Doxo",50,0.0193627180223637,"Doxorubicin","DOX","3",16
"187","ind3b","Doxo",50,0.0196143412993581,"Doxorubicin","DOX","3",16
"188","ind3b","Doxo",50,0.0545654281891716,"Doxorubicin","DOX","3",16
"189","ind3b","Doxo",50,0.124277350222779,"Doxorubicin","DOX","3",16
"190","ind5a","Doxo",0.01,1.07388650520113,"Doxorubicin","DOX","5",17
"191","ind5a","Doxo",0.01,1.06836885418865,"Doxorubicin","DOX","5",17
"192","ind5a","Doxo",0.01,1.04582932795636,"Doxorubicin","DOX","5",17
"193","ind5a","Doxo",0.01,0.96187662657382,"Doxorubicin","DOX","5",17
"194","ind5a","Doxo",0.05,1.14856637985164,"Doxorubicin","DOX","5",18
"195","ind5a","Doxo",0.05,1.05127428765719,"Doxorubicin","DOX","5",18
"196","ind5a","Doxo",0.05,1.00272503232563,"Doxorubicin","DOX","5",18
"197","ind5a","Doxo",0.05,0.76791559845234,"Doxorubicin","DOX","5",18
"198","ind5a","Doxo",0.1,0.96900151558509,"Doxorubicin","DOX","5",19
"199","ind5a","Doxo",0.1,0.754017360338304,"Doxorubicin","DOX","5",19
"200","ind5a","Doxo",0.1,0.645594734666624,"Doxorubicin","DOX","5",19
"201","ind5a","Doxo",0.1,0.603700995198881,"Doxorubicin","DOX","5",19
"202","ind5a","Doxo",0.5,0.959340210735367,"Doxorubicin","DOX","5",20
"203","ind5a","Doxo",0.5,0.919037899266288,"Doxorubicin","DOX","5",20
"204","ind5a","Doxo",0.5,0.774528603740277,"Doxorubicin","DOX","5",20
"205","ind5a","Doxo",0.5,0.721415139998572,"Doxorubicin","DOX","5",20
"206","ind5a","Doxo",0.5,0.709467644949523,"Doxorubicin","DOX","5",20
"207","ind5a","Doxo",1,0.654458093178356,"Doxorubicin","DOX","5",21
"208","ind5a","Doxo",1,0.519349016938195,"Doxorubicin","DOX","5",21
"209","ind5a","Doxo",1,0.490065307948819,"Doxorubicin","DOX","5",21
"210","ind5a","Doxo",1,0.372817830241948,"Doxorubicin","DOX","5",21
"211","ind5a","Doxo",5,0.585754970406522,"Doxorubicin","DOX","5",22
"212","ind5a","Doxo",5,0.390949807403634,"Doxorubicin","DOX","5",22
"213","ind5a","Doxo",5,0.384440956296664,"Doxorubicin","DOX","5",22
"214","ind5a","Doxo",10,0.472092220404365,"Doxorubicin","DOX","5",23
"215","ind5a","Doxo",10,0.464839469852754,"Doxorubicin","DOX","5",23
"216","ind5a","Doxo",10,0.422223556429461,"Doxorubicin","DOX","5",23
"217","ind5a","Doxo",10,0.388175254791889,"Doxorubicin","DOX","5",23
"218","ind5a","Doxo",50,0.0410646075491847,"Doxorubicin","DOX","5",24
"219","ind5a","Doxo",50,0.0283977492093482,"Doxorubicin","DOX","5",24
"220","ind5a","Doxo",50,0.0263550608562314,"Doxorubicin","DOX","5",24
"221","ind5a","Doxo",50,0.0219356251968073,"Doxorubicin","DOX","5",24
"222","ind5b","Doxo",0.01,1.0529352380845,"Doxorubicin","DOX","5",25
"223","ind5b","Doxo",0.01,1.17783442651612,"Doxorubicin","DOX","5",25
"224","ind5b","Doxo",0.01,1.61090400482768,"Doxorubicin","DOX","5",25
"225","ind5b","Doxo",0.01,1.45362103873984,"Doxorubicin","DOX","5",25
"226","ind5b","Doxo",0.05,0.978166849394308,"Doxorubicin","DOX","5",26
"227","ind5b","Doxo",0.05,1.12659998789289,"Doxorubicin","DOX","5",26
"228","ind5b","Doxo",0.05,1.35749598111291,"Doxorubicin","DOX","5",26
"229","ind5b","Doxo",0.05,1.61711272389741,"Doxorubicin","DOX","5",26
"230","ind5b","Doxo",0.1,0.863020817802693,"Doxorubicin","DOX","5",27
"231","ind5b","Doxo",0.1,0.717368616108132,"Doxorubicin","DOX","5",27
"232","ind5b","Doxo",0.1,1.33144906730962,"Doxorubicin","DOX","5",27
"233","ind5b","Doxo",0.1,0.747553791038164,"Doxorubicin","DOX","5",27
"234","ind5b","Doxo",0.5,0.476070117270727,"Doxorubicin","DOX","5",28
"235","ind5b","Doxo",0.5,0.784838278472737,"Doxorubicin","DOX","5",28
"236","ind5b","Doxo",0.5,1.07474038747789,"Doxorubicin","DOX","5",28
"237","ind5b","Doxo",0.5,0.997058016612867,"Doxorubicin","DOX","5",28
"238","ind5b","Doxo",1,0.37709207807662,"Doxorubicin","DOX","5",29
"239","ind5b","Doxo",1,0.257182776728573,"Doxorubicin","DOX","5",29
"240","ind5b","Doxo",1,1.40570477944006,"Doxorubicin","DOX","5",29
"241","ind5b","Doxo",1,0.708094795484012,"Doxorubicin","DOX","5",29
"242","ind5b","Doxo",5,0.418206179411186,"Doxorubicin","DOX","5",30
"243","ind5b","Doxo",5,0.453829181442834,"Doxorubicin","DOX","5",30
"244","ind5b","Doxo",5,0.756085838910047,"Doxorubicin","DOX","5",30
"245","ind5b","Doxo",5,0.522555651838313,"Doxorubicin","DOX","5",30
"246","ind5b","Doxo",10,0.454005199950477,"Doxorubicin","DOX","5",31
"247","ind5b","Doxo",10,0.493157768245344,"Doxorubicin","DOX","5",31
"248","ind5b","Doxo",10,0.438944278962049,"Doxorubicin","DOX","5",31
"249","ind5b","Doxo",10,0.660400993379895,"Doxorubicin","DOX","5",31
"250","ind5b","Doxo",50,0.0089081075169846,"Doxorubicin","DOX","5",32
"251","ind5b","Doxo",50,0.00382296788069056,"Doxorubicin","DOX","5",32
"252","ind5b","Doxo",50,0.00765960549158631,"Doxorubicin","DOX","5",32
"253","ind5b","Doxo",50,0.010748964517937,"Doxorubicin","DOX","5",32
"254","ind3a","Epi",0.01,1.72873564738875,"Epirubicin","EPI","3",1
"255","ind3a","Epi",0.01,0.617241652997513,"Epirubicin","EPI","3",1
"256","ind3a","Epi",0.01,0.980726493465263,"Epirubicin","EPI","3",1
"257","ind3a","Epi",0.01,1.83223980104767,"Epirubicin","EPI","3",1
"258","ind3a","Epi",0.05,0.692743248011108,"Epirubicin","EPI","3",2
"259","ind3a","Epi",0.05,1.27752865256137,"Epirubicin","EPI","3",2
"260","ind3a","Epi",0.05,0.968280163436259,"Epirubicin","EPI","3",2
"261","ind3a","Epi",0.05,1.40448197762426,"Epirubicin","EPI","3",2
"262","ind3a","Epi",0.1,1.08180690102514,"Epirubicin","EPI","3",3
"263","ind3a","Epi",0.1,0.935389257864828,"Epirubicin","EPI","3",3
"264","ind3a","Epi",0.1,0.989678074368628,"Epirubicin","EPI","3",3
"265","ind3a","Epi",0.1,1.74322094843267,"Epirubicin","EPI","3",3
"266","ind3a","Epi",0.5,0.81026690730877,"Epirubicin","EPI","3",4
"267","ind3a","Epi",0.5,0.920184590101392,"Epirubicin","EPI","3",4
"268","ind3a","Epi",0.5,0.456471658522986,"Epirubicin","EPI","3",4
"269","ind3a","Epi",0.5,1.24703966192719,"Epirubicin","EPI","3",4
"270","ind3a","Epi",1,0.261052625243022,"Epirubicin","EPI","3",5
"271","ind3a","Epi",1,0.288948277626296,"Epirubicin","EPI","3",5
"272","ind3a","Epi",1,0.294347436152091,"Epirubicin","EPI","3",5
"273","ind3a","Epi",1,0.285360876866682,"Epirubicin","EPI","3",5
"274","ind3a","Epi",5,0.719590111708004,"Epirubicin","EPI","3",6
"275","ind3a","Epi",5,0.427354724061939,"Epirubicin","EPI","3",6
"276","ind3a","Epi",5,0.468214951686727,"Epirubicin","EPI","3",6
"277","ind3a","Epi",5,0.356027614265422,"Epirubicin","EPI","3",6
"278","ind3a","Epi",10,0.320293594565439,"Epirubicin","EPI","3",7
"279","ind3a","Epi",10,0.44410186885915,"Epirubicin","EPI","3",7
"280","ind3a","Epi",10,0.586627890025948,"Epirubicin","EPI","3",7
"281","ind3a","Epi",10,0.38794133939765,"Epirubicin","EPI","3",7
"282","ind3a","Epi",50,0,"Epirubicin","EPI","3",8
"283","ind3a","Epi",50,0,"Epirubicin","EPI","3",8
"284","ind3a","Epi",50,0.00341225712216621,"Epirubicin","EPI","3",8
"285","ind3a","Epi",50,0.0691534411017417,"Epirubicin","EPI","3",8
"286","ind3b","Epi",0.01,0.617241652997513,"Epirubicin","EPI","3",9
"287","ind3b","Epi",0.01,0.980726493465263,"Epirubicin","EPI","3",9
"288","ind3b","Epi",0.05,0.968280163436259,"Epirubicin","EPI","3",10
"289","ind3b","Epi",0.05,1.09918776998888,"Epirubicin","EPI","3",10
"290","ind3b","Epi",0.05,1.27752865256137,"Epirubicin","EPI","3",10
"291","ind3b","Epi",0.05,1.40448197762426,"Epirubicin","EPI","3",10
"292","ind3b","Epi",0.1,0.768086239636886,"Epirubicin","EPI","3",11
"293","ind3b","Epi",0.1,0.812664999305266,"Epirubicin","EPI","3",11
"294","ind3b","Epi",0.1,0.888315733407438,"Epirubicin","EPI","3",11
"295","ind3b","Epi",0.1,1.431429762401,"Epirubicin","EPI","3",11
"296","ind3b","Epi",0.5,0.402351328280607,"Epirubicin","EPI","3",12
"297","ind3b","Epi",0.5,0.692743248011108,"Epirubicin","EPI","3",12
"298","ind3b","Epi",0.5,0.714199798235857,"Epirubicin","EPI","3",12
"299","ind3b","Epi",0.5,0.811085387619959,"Epirubicin","EPI","3",12
"300","ind3b","Epi",1,0.47955359876498,"Epirubicin","EPI","3",13
"301","ind3b","Epi",1,0.535220218923155,"Epirubicin","EPI","3",13
"302","ind3b","Epi",1,0.585057939358039,"Epirubicin","EPI","3",13
"303","ind3b","Epi",1,0.592412967556428,"Epirubicin","EPI","3",13
"304","ind3b","Epi",5,0.339071181232116,"Epirubicin","EPI","3",14
"305","ind3b","Epi",5,0.40700121363277,"Epirubicin","EPI","3",14
"306","ind3b","Epi",5,0.445915402001937,"Epirubicin","EPI","3",14
"307","ind3b","Epi",5,0.685318383752909,"Epirubicin","EPI","3",14
"308","ind3b","Epi",10,0.189491977110725,"Epirubicin","EPI","3",15
"309","ind3b","Epi",10,0.229513710710266,"Epirubicin","EPI","3",15
"310","ind3b","Epi",10,0.262739382231057,"Epirubicin","EPI","3",15
"311","ind3b","Epi",10,0.347060573784277,"Epirubicin","EPI","3",15
"312","ind3b","Epi",50,0,"Epirubicin","EPI","3",16
"313","ind3b","Epi",50,0,"Epirubicin","EPI","3",16
"314","ind3b","Epi",50,0.00341225712216621,"Epirubicin","EPI","3",16
"315","ind3b","Epi",50,0.0691534411017417,"Epirubicin","EPI","3",16
"316","ind5a","Epi",0.01,1.35054538254932,"Epirubicin","EPI","5",17
"317","ind5a","Epi",0.01,1.17734636937,"Epirubicin","EPI","5",17
"318","ind5a","Epi",0.01,0.97972693098247,"Epirubicin","EPI","5",17
"319","ind5a","Epi",0.01,0.849085210975905,"Epirubicin","EPI","5",17
"320","ind5a","Epi",0.05,1.09780830961132,"Epirubicin","EPI","5",18
"321","ind5a","Epi",0.05,1.07574994229781,"Epirubicin","EPI","5",18
"322","ind5a","Epi",0.05,1.04637022219685,"Epirubicin","EPI","5",18
"323","ind5a","Epi",0.05,1.04397775301478,"Epirubicin","EPI","5",18
"324","ind5a","Epi",0.1,0.906355918730724,"Epirubicin","EPI","5",19
"325","ind5a","Epi",0.1,0.834939005648999,"Epirubicin","EPI","5",19
"326","ind5a","Epi",0.1,0.697624876792471,"Epirubicin","EPI","5",19
"327","ind5a","Epi",0.1,0.556758131696925,"Epirubicin","EPI","5",19
"328","ind5a","Epi",0.5,1.09712804104375,"Epirubicin","EPI","5",20
"329","ind5a","Epi",0.5,0.75104098858057,"Epirubicin","EPI","5",20
"330","ind5a","Epi",0.5,0.723303359629282,"Epirubicin","EPI","5",20
"331","ind5a","Epi",0.5,0.615790809290009,"Epirubicin","EPI","5",20
"332","ind5a","Epi",1,0.50472923303112,"Epirubicin","EPI","5",21
"333","ind5a","Epi",1,0.500876809818565,"Epirubicin","EPI","5",21
"334","ind5a","Epi",1,0.333850398985756,"Epirubicin","EPI","5",21
"335","ind5a","Epi",1,0.200379276179112,"Epirubicin","EPI","5",21
"336","ind5a","Epi",5,0.555581131678123,"Epirubicin","EPI","5",22
"337","ind5a","Epi",5,0.416113446972943,"Epirubicin","EPI","5",22
"338","ind5a","Epi",5,0.391655055379107,"Epirubicin","EPI","5",22
"339","ind5a","Epi",5,0.331826518793144,"Epirubicin","EPI","5",22
"340","ind5a","Epi",10,0.688287828527686,"Epirubicin","EPI","5",23
"341","ind5a","Epi",10,0.676688230791168,"Epirubicin","EPI","5",23
"342","ind5a","Epi",10,0.458006994581451,"Epirubicin","EPI","5",23
"343","ind5a","Epi",10,0.42809540248863,"Epirubicin","EPI","5",23
"344","ind5a","Epi",50,0,"Epirubicin","EPI","5",24
"345","ind5a","Epi",50,0,"Epirubicin","EPI","5",24
"346","ind5a","Epi",50,0,"Epirubicin","EPI","5",24
"347","ind5a","Epi",50,0,"Epirubicin","EPI","5",24
"348","ind5b","Epi",0.01,0.987005882319766,"Epirubicin","EPI","5",25
"349","ind5b","Epi",0.01,1.09171455803644,"Epirubicin","EPI","5",25
"350","ind5b","Epi",0.01,0.918730366418327,"Epirubicin","EPI","5",25
"351","ind5b","Epi",0.01,1.16588931312778,"Epirubicin","EPI","5",25
"352","ind5b","Epi",0.05,1.15335669556678,"Epirubicin","EPI","5",26
"353","ind5b","Epi",0.05,1.05779126001359,"Epirubicin","EPI","5",26
"354","ind5b","Epi",0.05,0.790076207515823,"Epirubicin","EPI","5",26
"355","ind5b","Epi",0.05,1.65234440685262,"Epirubicin","EPI","5",26
"356","ind5b","Epi",0.1,0.687430511478119,"Epirubicin","EPI","5",27
"357","ind5b","Epi",0.1,0.70711945849006,"Epirubicin","EPI","5",27
"358","ind5b","Epi",0.1,0.950262192706314,"Epirubicin","EPI","5",27
"359","ind5b","Epi",0.1,0.91184702088596,"Epirubicin","EPI","5",27
"360","ind5b","Epi",0.5,0.636478259093005,"Epirubicin","EPI","5",28
"361","ind5b","Epi",0.5,0.614518454524759,"Epirubicin","EPI","5",28
"362","ind5b","Epi",0.5,0.802711995003298,"Epirubicin","EPI","5",28
"363","ind5b","Epi",0.5,0.774623058378524,"Epirubicin","EPI","5",28
"364","ind5b","Epi",1,0.461704684715619,"Epirubicin","EPI","5",29
"365","ind5b","Epi",1,0.329646973850134,"Epirubicin","EPI","5",29
"366","ind5b","Epi",1,0.547927606846209,"Epirubicin","EPI","5",29
"367","ind5b","Epi",1,0.679393289957433,"Epirubicin","EPI","5",29
"368","ind5b","Epi",5,0.364815367698996,"Epirubicin","EPI","5",30
"369","ind5b","Epi",5,0.271330473978169,"Epirubicin","EPI","5",30
"370","ind5b","Epi",5,0.322361953585238,"Epirubicin","EPI","5",30
"371","ind5b","Epi",5,1.04453603442877,"Epirubicin","EPI","5",30
"372","ind5b","Epi",10,0.194357252620003,"Epirubicin","EPI","5",31
"373","ind5b","Epi",10,0.216904937039815,"Epirubicin","EPI","5",31
"374","ind5b","Epi",10,0.462176550699517,"Epirubicin","EPI","5",31
"375","ind5b","Epi",10,0.407482393725102,"Epirubicin","EPI","5",31
"376","ind5b","Epi",50,0,"Epirubicin","EPI","5",32
"377","ind5b","Epi",50,0.00612859570861606,"Epirubicin","EPI","5",32
"378","ind5b","Epi",50,0.00790566063527796,"Epirubicin","EPI","5",32
"379","ind5b","Epi",50,0,"Epirubicin","EPI","5",32
"380","ind3a","Mito",0.01,0.964601301656172,"Mitoxantrone","MTX","3",1
"381","ind3a","Mito",0.01,1.11857770252394,"Mitoxantrone","MTX","3",1
"382","ind3a","Mito",0.01,1.19937562834012,"Mitoxantrone","MTX","3",1
"383","ind3a","Mito",0.01,0.818535372241918,"Mitoxantrone","MTX","3",1
"384","ind3a","Mito",0.05,0.738188998782195,"Mitoxantrone","MTX","3",2
"385","ind3a","Mito",0.05,0.790565994787339,"Mitoxantrone","MTX","3",2
"386","ind3a","Mito",0.05,1.15235650956603,"Mitoxantrone","MTX","3",2
"387","ind3a","Mito",0.05,1.57492915106473,"Mitoxantrone","MTX","3",2
"388","ind3a","Mito",0.1,1.43334461412637,"Mitoxantrone","MTX","3",3
"389","ind3a","Mito",0.1,0.767150330668246,"Mitoxantrone","MTX","3",3
"390","ind3a","Mito",0.1,1.05527588589478,"Mitoxantrone","MTX","3",3
"391","ind3a","Mito",0.1,1.14584655301268,"Mitoxantrone","MTX","3",3
"392","ind3a","Mito",0.5,1.13799504042494,"Mitoxantrone","MTX","3",4
"393","ind3a","Mito",0.5,1.26380390603219,"Mitoxantrone","MTX","3",4
"394","ind3a","Mito",0.5,0.867764229431703,"Mitoxantrone","MTX","3",4
"395","ind3a","Mito",0.5,1.43161509002069,"Mitoxantrone","MTX","3",4
"396","ind3a","Mito",1,0.191817596321109,"Mitoxantrone","MTX","3",5
"397","ind3a","Mito",1,0.254368382720285,"Mitoxantrone","MTX","3",5
"398","ind3a","Mito",1,0.195597609202044,"Mitoxantrone","MTX","3",5
"399","ind3a","Mito",1,0.558984452590332,"Mitoxantrone","MTX","3",5
"400","ind3a","Mito",5,0.0415909183906097,"Mitoxantrone","MTX","3",6
"401","ind3a","Mito",5,0,"Mitoxantrone","MTX","3",6
"402","ind3a","Mito",5,0.024855177090214,"Mitoxantrone","MTX","3",6
"403","ind3a","Mito",5,0.0919267438665817,"Mitoxantrone","MTX","3",6
"404","ind3a","Mito",10,0.00506574535700744,"Mitoxantrone","MTX","3",7
"405","ind3a","Mito",10,0.0144683518469926,"Mitoxantrone","MTX","3",7
"406","ind3a","Mito",10,0.0950756581824543,"Mitoxantrone","MTX","3",7
"407","ind3a","Mito",10,0.0973497769614275,"Mitoxantrone","MTX","3",7
"408","ind3a","Mito",50,0,"Mitoxantrone","MTX","3",8
"409","ind3a","Mito",50,0,"Mitoxantrone","MTX","3",8
"410","ind3a","Mito",50,0,"Mitoxantrone","MTX","3",8
"411","ind3a","Mito",50,0.0689693265088191,"Mitoxantrone","MTX","3",8
"412","ind3b","Mito",0.01,0.818535372241918,"Mitoxantrone","MTX","3",9
"413","ind3b","Mito",0.01,0.964601301656172,"Mitoxantrone","MTX","3",9
"414","ind3b","Mito",0.01,1.11857770252394,"Mitoxantrone","MTX","3",9
"415","ind3b","Mito",0.01,1.20961426530504,"Mitoxantrone","MTX","3",9
"416","ind3b","Mito",0.05,0.738188998782195,"Mitoxantrone","MTX","3",10
"417","ind3b","Mito",0.05,0.790565994787339,"Mitoxantrone","MTX","3",10
"418","ind3b","Mito",0.05,1.15235650956603,"Mitoxantrone","MTX","3",10
"419","ind3b","Mito",0.05,1.57492915106473,"Mitoxantrone","MTX","3",10
"420","ind3b","Mito",0.1,0.629938400259367,"Mitoxantrone","MTX","3",11
"421","ind3b","Mito",0.1,0.866530035663008,"Mitoxantrone","MTX","3",11
"422","ind3b","Mito",0.1,0.940901301468204,"Mitoxantrone","MTX","3",11
"423","ind3b","Mito",0.1,1.17697767588347,"Mitoxantrone","MTX","3",11
"424","ind3b","Mito",0.5,0.764880105538167,"Mitoxantrone","MTX","3",12
"425","ind3b","Mito",0.5,1.00307172973952,"Mitoxantrone","MTX","3",12
"426","ind3b","Mito",0.5,1.11396440673582,"Mitoxantrone","MTX","3",12
"427","ind3b","Mito",0.5,1.26187951059262,"Mitoxantrone","MTX","3",12
"428","ind3b","Mito",1,0.401021805930917,"Mitoxantrone","MTX","3",13
"429","ind3b","Mito",1,0.521515925610554,"Mitoxantrone","MTX","3",13
"430","ind3b","Mito",1,1.1460516086039,"Mitoxantrone","MTX","3",13
"431","ind3b","Mito",5,0,"Mitoxantrone","MTX","3",14
"432","ind3b","Mito",5,0.0236714061438768,"Mitoxantrone","MTX","3",14
"433","ind3b","Mito",5,0.0396100787191163,"Mitoxantrone","MTX","3",14
"434","ind3b","Mito",1,0.393271876889662,"Mitoxantrone","MTX","3",13
"435","ind3b","Mito",10,0.00299699438117453,"Mitoxantrone","MTX","3",15
"436","ind3b","Mito",10,0.00855976093040502,"Mitoxantrone","MTX","3",15
"437","ind3b","Mito",10,0.0562486254791957,"Mitoxantrone","MTX","3",15
"438","ind3b","Mito",10,0.0575940387841259,"Mitoxantrone","MTX","3",15
"439","ind3b","Mito",5,0.0875485731464265,"Mitoxantrone","MTX","3",14
"440","ind3b","Mito",50,0,"Mitoxantrone","MTX","3",16
"441","ind3b","Mito",50,0,"Mitoxantrone","MTX","3",16
"442","ind3b","Mito",50,0,"Mitoxantrone","MTX","3",16
"443","ind3b","Mito",50,0.0689693265088191,"Mitoxantrone","MTX","3",16
"444","ind5a","Mito",0.01,1.11265073894321,"Mitoxantrone","MTX","5",17
"445","ind5a","Mito",0.01,1.08651614264613,"Mitoxantrone","MTX","5",17
"446","ind5a","Mito",0.01,1.01381757364032,"Mitoxantrone","MTX","5",17
"447","ind5a","Mito",0.01,0.97428743366705,"Mitoxantrone","MTX","5",17
"448","ind5a","Mito",0.05,1.28423725153935,"Mitoxantrone","MTX","5",18
"449","ind5a","Mito",0.05,1.06310757921331,"Mitoxantrone","MTX","5",18
"450","ind5a","Mito",0.05,1.00908840471445,"Mitoxantrone","MTX","5",18
"451","ind5a","Mito",0.05,0.837049023281902,"Mitoxantrone","MTX","5",18
"452","ind5a","Mito",0.1,0.815200364588301,"Mitoxantrone","MTX","5",19
"453","ind5a","Mito",0.1,0.785431305840832,"Mitoxantrone","MTX","5",19
"454","ind5a","Mito",0.1,0.760160249276653,"Mitoxantrone","MTX","5",19
"455","ind5a","Mito",0.1,0.605901243203714,"Mitoxantrone","MTX","5",19
"456","ind5a","Mito",0.5,0.852577922436145,"Mitoxantrone","MTX","5",20
"457","ind5a","Mito",0.5,0.819367793898604,"Mitoxantrone","MTX","5",20
"458","ind5a","Mito",0.5,0.81291112704805,"Mitoxantrone","MTX","5",20
"459","ind5a","Mito",0.5,0.773968113863298,"Mitoxantrone","MTX","5",20
"460","ind5a","Mito",1,0.566504373395267,"Mitoxantrone","MTX","5",21
"461","ind5a","Mito",1,0.485207163632102,"Mitoxantrone","MTX","5",21
"462","ind5a","Mito",1,0.405201197489959,"Mitoxantrone","MTX","5",21
"463","ind5a","Mito",1,0.335256703919542,"Mitoxantrone","MTX","5",21
"464","ind5a","Mito",5,0.0435857941508496,"Mitoxantrone","MTX","5",22
"465","ind5a","Mito",5,0.0354999302098358,"Mitoxantrone","MTX","5",22
"466","ind5a","Mito",5,0.0202097622971494,"Mitoxantrone","MTX","5",22
"467","ind5a","Mito",5,0.0137596818548022,"Mitoxantrone","MTX","5",22
"468","ind5a","Mito",10,0,"Mitoxantrone","MTX","5",23
"469","ind5a","Mito",10,0,"Mitoxantrone","MTX","5",23
"470","ind5a","Mito",10,0,"Mitoxantrone","MTX","5",23
"471","ind5a","Mito",10,0,"Mitoxantrone","MTX","5",23
"472","ind5a","Mito",50,0,"Mitoxantrone","MTX","5",24
"473","ind5a","Mito",50,0,"Mitoxantrone","MTX","5",24
"474","ind5a","Mito",50,0,"Mitoxantrone","MTX","5",24
"475","ind5a","Mito",50,0,"Mitoxantrone","MTX","5",24
"476","ind5b","Mito",0.01,0.808686432313844,"Mitoxantrone","MTX","5",25
"477","ind5b","Mito",0.01,1.0307369537141,"Mitoxantrone","MTX","5",25
"478","ind5b","Mito",0.01,1.33217341281703,"Mitoxantrone","MTX","5",25
"479","ind5b","Mito",0.05,0.78231420634547,"Mitoxantrone","MTX","5",26
"480","ind5b","Mito",0.05,0.934783047358969,"Mitoxantrone","MTX","5",26
"481","ind5b","Mito",0.05,1.18144518507059,"Mitoxantrone","MTX","5",26
"482","ind5b","Mito",0.05,1.47118172095808,"Mitoxantrone","MTX","5",26
"483","ind5b","Mito",0.1,0.651264531354499,"Mitoxantrone","MTX","5",27
"484","ind5b","Mito",0.1,1.00444726540036,"Mitoxantrone","MTX","5",27
"485","ind5b","Mito",0.1,1.18918769249119,"Mitoxantrone","MTX","5",27
"486","ind5b","Mito",0.1,0.904153762923268,"Mitoxantrone","MTX","5",27
"487","ind5b","Mito",0.5,0.526819330698779,"Mitoxantrone","MTX","5",28
"488","ind5b","Mito",0.5,0.906650400144764,"Mitoxantrone","MTX","5",28
"489","ind5b","Mito",0.5,1.09550938924658,"Mitoxantrone","MTX","5",28
"490","ind5b","Mito",0.5,1.18467950476613,"Mitoxantrone","MTX","5",28
"491","ind5b","Mito",1,0.0849737435690986,"Mitoxantrone","MTX","5",29
"492","ind5b","Mito",1,0.557944716448307,"Mitoxantrone","MTX","5",29
"493","ind5b","Mito",1,0.554570158249019,"Mitoxantrone","MTX","5",29
"494","ind5b","Mito",1,0.474895063080557,"Mitoxantrone","MTX","5",29
"495","ind5b","Mito",5,0.00309480291566839,"Mitoxantrone","MTX","5",30
"496","ind5b","Mito",5,0,"Mitoxantrone","MTX","5",30
"497","ind5b","Mito",5,0.0428247904636379,"Mitoxantrone","MTX","5",30
"498","ind5b","Mito",5,0.00621145149897695,"Mitoxantrone","MTX","5",30
"499","ind5b","Mito",10,0.000342293658827846,"Mitoxantrone","MTX","5",31
"500","ind5b","Mito",10,0,"Mitoxantrone","MTX","5",31
"501","ind5b","Mito",10,0,"Mitoxantrone","MTX","5",31
"502","ind5b","Mito",10,0,"Mitoxantrone","MTX","5",31
"503","ind5b","Mito",50,0,"Mitoxantrone","MTX","5",32
"504","ind5b","Mito",50,0,"Mitoxantrone","MTX","5",32
"505","ind5b","Mito",50,0.0495983377608071,"Mitoxantrone","MTX","5",32
"506","ind5b","Mito",50,0,"Mitoxantrone","MTX","5",32
"507","ind5b","Mito",0.01,0.829328129670466,"Mitoxantrone","MTX","5",25
"508","ind3a","Tras",0.01,0.996474681200063,"Trastuzumab","TRZ","3",1
"509","ind3a","Tras",0.01,1.01726281813853,"Trastuzumab","TRZ","3",1
"510","ind3a","Tras",0.01,1.20961426530504,"Trastuzumab","TRZ","3",1
"511","ind3a","Tras",0.01,1.92740356632626,"Trastuzumab","TRZ","3",1
"512","ind3a","Tras",0.05,0.96173019359685,"Trastuzumab","TRZ","3",2
"513","ind3a","Tras",0.05,1.44585889395991,"Trastuzumab","TRZ","3",2
"514","ind3a","Tras",0.05,0.811319895746788,"Trastuzumab","TRZ","3",2
"515","ind3a","Tras",0.05,0.861762061391029,"Trastuzumab","TRZ","3",2
"516","ind3a","Tras",0.1,0.973892014608627,"Trastuzumab","TRZ","3",3
"517","ind3a","Tras",0.1,1.11869509426513,"Trastuzumab","TRZ","3",3
"518","ind3a","Tras",0.1,0.971389088652932,"Trastuzumab","TRZ","3",3
"519","ind3a","Tras",0.1,1.10051186598418,"Trastuzumab","TRZ","3",3
"520","ind3a","Tras",0.5,1.37711112089331,"Trastuzumab","TRZ","3",4
"521","ind3a","Tras",0.5,1.25802996287655,"Trastuzumab","TRZ","3",4
"522","ind3a","Tras",0.5,1.88955407844346,"Trastuzumab","TRZ","3",4
"523","ind3a","Tras",0.5,1.97072676849936,"Trastuzumab","TRZ","3",4
"524","ind3a","Tras",1,0.420697978174639,"Trastuzumab","TRZ","3",5
"525","ind3a","Tras",1,0.411684332809669,"Trastuzumab","TRZ","3",5
"526","ind3a","Tras",1,0.549847415085141,"Trastuzumab","TRZ","3",5
"527","ind3a","Tras",1,0.731504722006537,"Trastuzumab","TRZ","3",5
"528","ind3a","Tras",5,1.0303733537537,"Trastuzumab","TRZ","3",6
"529","ind3a","Tras",5,0.892319563222288,"Trastuzumab","TRZ","3",6
"530","ind3a","Tras",5,0.919150528143286,"Trastuzumab","TRZ","3",6
"531","ind3a","Tras",5,1.15513441787328,"Trastuzumab","TRZ","3",6
"532","ind3a","Tras",10,1.46811131519869,"Trastuzumab","TRZ","3",7
"533","ind3a","Tras",10,0.810577567859121,"Trastuzumab","TRZ","3",7
"534","ind3a","Tras",10,0.646461995976559,"Trastuzumab","TRZ","3",7
"535","ind3a","Tras",10,1.3380127700516,"Trastuzumab","TRZ","3",7
"536","ind3b","Tras",0.01,0.996474681200063,"Mitoxantrone","TRZ","3",8
"537","ind3b","Tras",0.01,1.01726281813853,"Trastuzumab","TRZ","3",8
"538","ind3b","Tras",0.01,1.19937562834012,"Trastuzumab","TRZ","3",8
"539","ind3b","Tras",0.05,0.811319895746788,"Trastuzumab","TRZ","3",9
"540","ind3b","Tras",0.05,0.861762061391029,"Trastuzumab","TRZ","3",9
"541","ind3b","Tras",0.05,0.96173019359685,"Trastuzumab","TRZ","3",9
"542","ind3b","Tras",0.05,1.44585889395991,"Trastuzumab","TRZ","3",9
"543","ind3b","Tras",0.1,0.797647167801399,"Trastuzumab","TRZ","3",10
"544","ind3b","Tras",0.1,0.79970242230559,"Trastuzumab","TRZ","3",10
"545","ind3b","Tras",0.1,0.903675142420453,"Trastuzumab","TRZ","3",10
"546","ind3b","Tras",0.1,0.918606132184707,"Trastuzumab","TRZ","3",10
"547","ind3b","Tras",0.5,1.1088750355674,"Trastuzumab","TRZ","3",11
"548","ind3b","Tras",0.5,1.21383765746657,"Trastuzumab","TRZ","3",11
"549","ind3b","Tras",0.5,1.66552419876355,"Trastuzumab","TRZ","3",11
"550","ind3b","Tras",1,0.844051189021757,"Trastuzumab","TRZ","3",12
"551","ind3b","Tras",1,0.862531314402774,"Trastuzumab","TRZ","3",12
"552","ind3b","Tras",1,1.12731849987042,"Trastuzumab","TRZ","3",12
"553","ind3b","Tras",1,1.49975935729888,"Trastuzumab","TRZ","3",12
"554","ind3b","Tras",5,0.849821295358133,"Trastuzumab","TRZ","3",13
"555","ind3b","Tras",5,0.981300034516161,"Trastuzumab","TRZ","3",13
"556","ind3b","Tras",5,0.983314807095549,"Trastuzumab","TRZ","3",13
"557","ind3b","Tras",5,1.10011913642791,"Trastuzumab","TRZ","3",13
"558","ind3b","Tras",10,0.382459605259186,"Trastuzumab","TRZ","3",14
"559","ind3b","Tras",10,0.603482531808029,"Trastuzumab","TRZ","3",14
"560","ind3b","Tras",10,0.791594616621892,"Trastuzumab","TRZ","3",14
"561","ind3b","Tras",10,0.868563469441438,"Trastuzumab","TRZ","3",14
"562","ind5a","Tras",0.01,1.06516455260916,"Trastuzumab","TRZ","5",15
"563","ind5a","Tras",0.01,1.02821348463889,"Trastuzumab","TRZ","5",15
"564","ind5a","Tras",0.01,0.907820319440211,"Trastuzumab","TRZ","5",15
"565","ind5a","Tras",0.01,0.846803123021735,"Trastuzumab","TRZ","5",15
"566","ind5a","Tras",0.05,1.02320000198545,"Trastuzumab","TRZ","5",16
"567","ind5a","Tras",0.05,0.957402135849562,"Trastuzumab","TRZ","5",16
"568","ind5a","Tras",0.05,0.917504485879716,"Trastuzumab","TRZ","5",16
"569","ind5a","Tras",0.05,0.721709176012766,"Trastuzumab","TRZ","5",16
"570","ind5a","Tras",0.1,0.914771125454411,"Trastuzumab","TRZ","5",17
"571","ind5a","Tras",0.1,0.906826492003434,"Trastuzumab","TRZ","5",17
"572","ind5a","Tras",0.1,0.855313556537683,"Trastuzumab","TRZ","5",17
"573","ind5a","Tras",0.1,0.550831452100092,"Trastuzumab","TRZ","5",17
"574","ind5a","Tras",0.5,1.17021239035693,"Trastuzumab","TRZ","5",18
"575","ind5a","Tras",0.5,0.878091245103989,"Trastuzumab","TRZ","5",18
"576","ind5a","Tras",0.5,0.842634743752413,"Trastuzumab","TRZ","5",18
"577","ind5a","Tras",0.5,0.773058972803001,"Trastuzumab","TRZ","5",18
"578","ind5a","Tras",1,0.8769781490044,"Trastuzumab","TRZ","5",19
"579","ind5a","Tras",1,0.867658182670488,"Trastuzumab","TRZ","5",19
"580","ind5a","Tras",1,0.807962668996303,"Trastuzumab","TRZ","5",19
"581","ind5a","Tras",1,0.699323482096247,"Trastuzumab","TRZ","5",19
"582","ind5a","Tras",5,0.983632369902563,"Trastuzumab","TRZ","5",20
"583","ind5a","Tras",5,0.902313360286213,"Trastuzumab","TRZ","5",20
"584","ind5a","Tras",5,0.870621279388393,"Trastuzumab","TRZ","5",20
"585","ind5a","Tras",5,0.782156736464993,"Trastuzumab","TRZ","5",20
"586","ind5a","Tras",10,0.936874652897648,"Trastuzumab","TRZ","5",21
"587","ind5a","Tras",10,0.934947390540804,"Trastuzumab","TRZ","5",21
"588","ind5a","Tras",10,0.924644642240668,"Trastuzumab","TRZ","5",21
"589","ind5a","Tras",10,0.920802125392132,"Trastuzumab","TRZ","5",21
"590","ind5b","Tras",0.01,1.19647963183333,"Trastuzumab","TRZ","5",22
"591","ind5b","Tras",0.01,0.827049647230008,"Trastuzumab","TRZ","5",22
"592","ind5b","Tras",0.01,0.855587075815939,"Trastuzumab","TRZ","5",22
"593","ind5b","Tras",0.01,1.08951503290828,"Trastuzumab","TRZ","5",22
"594","ind5b","Tras",0.05,0.980144343626617,"Trastuzumab","TRZ","5",23
"595","ind5b","Tras",0.05,1.06602409314401,"Trastuzumab","TRZ","5",23
"596","ind5b","Tras",0.05,1.06632004466177,"Trastuzumab","TRZ","5",23
"597","ind5b","Tras",0.05,1.16575975462929,"Trastuzumab","TRZ","5",23
"598","ind5b","Tras",0.1,0.562574813312829,"Trastuzumab","TRZ","5",24
"599","ind5b","Tras",0.1,0.64985878654404,"Trastuzumab","TRZ","5",24
"600","ind5b","Tras",0.1,0.451452815962445,"Trastuzumab","TRZ","5",24
"601","ind5b","Tras",0.1,0.872511725189669,"Trastuzumab","TRZ","5",24
"602","ind5b","Tras",0.5,0.841961789239579,"Trastuzumab","TRZ","5",25
"603","ind5b","Tras",0.5,1.22824887778511,"Trastuzumab","TRZ","5",25
"604","ind5b","Tras",0.5,1.21350393723769,"Trastuzumab","TRZ","5",25
"605","ind5b","Tras",1,0.750779996566239,"Trastuzumab","TRZ","5",26
"606","ind5b","Tras",1,0.85945261113841,"Trastuzumab","TRZ","5",26
"607","ind5b","Tras",1,1.16813588221016,"Trastuzumab","TRZ","5",26
"608","ind5b","Tras",1,1.26212620847665,"Trastuzumab","TRZ","5",26
"609","ind5b","Tras",5,0.84319179767999,"Trastuzumab","TRZ","5",27
"610","ind5b","Tras",5,1.13528293780538,"Trastuzumab","TRZ","5",27
"611","ind5b","Tras",5,1.42871394554603,"Trastuzumab","TRZ","5",27
"612","ind5b","Tras",10,0.758835910246233,"Trastuzumab","TRZ","5",28
"613","ind5b","Tras",10,1.27189769061023,"Trastuzumab","TRZ","5",28
"614","ind5b","Tras",10,1.3724883292428,"Trastuzumab","TRZ","5",28
"615","ind3a","Veh",0.01,1.39383697550135,"Vehicle","VEH","3",1
"616","ind3a","Veh",0.01,1.59476030477803,"Vehicle","VEH","3",1
"617","ind3a","Veh",0.01,0.683475316154294,"Vehicle","VEH","3",1
"618","ind3a","Veh",0.01,1,"Vehicle","VEH","3",1
"619","ind3a","Veh",0.05,1.08782422635239,"Vehicle","VEH","3",2
"620","ind3a","Veh",0.05,1.43517180155469,"Vehicle","VEH","3",2
"621","ind3a","Veh",0.05,0.484492903725118,"Vehicle","VEH","3",2
"622","ind3a","Veh",0.05,1,"Vehicle","VEH","3",2
"623","ind3a","Veh",0.1,0.931257667414019,"Vehicle","VEH","3",3
"624","ind3a","Veh",0.1,1,"Vehicle","VEH","3",3
"625","ind3a","Veh",0.1,1.21781801260629,"Vehicle","VEH","3",3
"626","ind3a","Veh",0.1,1.34980329117137,"Vehicle","VEH","3",3
"627","ind3a","Veh",0.5,1.14125251280245,"Vehicle","VEH","3",4
"628","ind3a","Veh",0.5,1.13451013191296,"Vehicle","VEH","3",4
"629","ind3a","Veh",0.5,1.3281976786841,"Vehicle","VEH","3",4
"630","ind3a","Veh",0.5,1,"Vehicle","VEH","3",4
"631","ind3a","Veh",1,0.419975682719683,"Vehicle","VEH","3",5
"632","ind3a","Veh",1,0.349819727092701,"Vehicle","VEH","3",5
"633","ind3a","Veh",1,0.487748063345311,"Vehicle","VEH","3",5
"634","ind3a","Veh",1,1,"Vehicle","VEH","3",5
"635","ind3a","Veh",5,1,"Vehicle","VEH","3",6
"636","ind3a","Veh",5,1.02255203979634,"Vehicle","VEH","3",6
"637","ind3a","Veh",5,1.05000847601288,"Vehicle","VEH","3",6
"638","ind3a","Veh",5,1.60287833706473,"Vehicle","VEH","3",6
"639","ind3a","Veh",10,1.69027522668299,"Vehicle","VEH","3",7
"640","ind3a","Veh",10,1.75185136592904,"Vehicle","VEH","3",7
"641","ind3a","Veh",10,1.78968045715619,"Vehicle","VEH","3",7
"642","ind3a","Veh",10,1,"Vehicle","VEH","3",7
"643","ind3a","Veh",50,0.867425218789508,"Vehicle","VEH","3",8
"644","ind3a","Veh",50,1.18734273545188,"Vehicle","VEH","3",8
"645","ind3a","Veh",50,1.23819518601711,"Vehicle","VEH","3",8
"646","ind3a","Veh",50,1,"Vehicle","VEH","3",8
"647","ind3b","Veh",0.01,0.683475316154294,"Vehicle","VEH","3",9
"648","ind3b","Veh",0.01,1,"Vehicle","VEH","3",9
"649","ind3b","Veh",0.01,1.39383697550135,"Vehicle","VEH","3",9
"650","ind3b","Veh",0.01,1.59476030477803,"Vehicle","VEH","3",9
"651","ind3b","Veh",0.05,0.484492903725118,"Vehicle","VEH","3",10
"652","ind3b","Veh",0.05,1,"Vehicle","VEH","3",10
"653","ind3b","Veh",0.05,1.08782422635239,"Vehicle","VEH","3",10
"654","ind3b","Veh",0.05,1.43517180155469,"Vehicle","VEH","3",10
"655","ind3b","Veh",0.1,0.764693622342643,"Vehicle","VEH","3",11
"656","ind3b","Veh",0.1,0.821140753091566,"Vehicle","VEH","3",11
"657","ind3b","Veh",0.1,1,"Vehicle","VEH","3",11
"658","ind3b","Veh",0.1,1.10837849103793,"Vehicle","VEH","3",11
"659","ind3b","Veh",0.5,0.881437698854083,"Vehicle","VEH","3",12
"660","ind3b","Veh",0.5,1,"Vehicle","VEH","3",12
"661","ind3b","Veh",0.5,1.00594298869603,"Vehicle","VEH","3",12
"662","ind3b","Veh",0.5,1.17072350552265,"Vehicle","VEH","3",12
"663","ind3b","Veh",1,0.717213974553577,"Vehicle","VEH","3",13
"664","ind3b","Veh",1,0.861050436242025,"Vehicle","VEH","3",13
"665","ind3b","Veh",1,1,"Vehicle","VEH","3",13
"666","ind3b","Veh",5,0.952373264449467,"Vehicle","VEH","3",14
"667","ind3b","Veh",5,0.973851224210304,"Vehicle","VEH","3",14
"668","ind3b","Veh",5,1,"Vehicle","VEH","3",14
"669","ind3b","Veh",5,1.52653847438567,"Vehicle","VEH","3",14
"670","ind3b","Veh",10,0.591619627510252,"Vehicle","VEH","3",15
"671","ind3b","Veh",10,1,"Vehicle","VEH","3",15
"672","ind3b","Veh",10,1.03642965256426,"Vehicle","VEH","3",15
"673","ind3b","Veh",10,1.05881008542512,"Vehicle","VEH","3",15
"674","ind3b","Veh",50,0.867425218789508,"Vehicle","VEH","3",16
"675","ind3b","Veh",50,1,"Vehicle","VEH","3",16
"676","ind3b","Veh",50,1.18734273545188,"Vehicle","VEH","3",16
"677","ind3b","Veh",50,1.23819518601711,"Vehicle","VEH","3",16
"678","ind5a","Veh",0.01,1.06941090348279,"Vehicle","VEH","5",17
"679","ind5a","Veh",0.01,1.06806665989335,"Vehicle","VEH","5",17
"680","ind5a","Veh",0.01,1,"Vehicle","VEH","5",17
"681","ind5a","Veh",0.01,0.955280454541902,"Vehicle","VEH","5",17
"682","ind5a","Veh",0.05,1.00096790765665,"Vehicle","VEH","5",18
"683","ind5a","Veh",0.05,1,"Vehicle","VEH","5",18
"684","ind5a","Veh",0.05,0.99640136896888,"Vehicle","VEH","5",18
"685","ind5a","Veh",0.05,0.620287344483299,"Vehicle","VEH","5",18
"686","ind5a","Veh",0.1,1,"Vehicle","VEH","5",19
"687","ind5a","Veh",0.1,0.899615274554068,"Vehicle","VEH","5",19
"688","ind5a","Veh",0.1,0.798416584528314,"Vehicle","VEH","5",19
"689","ind5a","Veh",0.1,0.78409589520206,"Vehicle","VEH","5",19
"690","ind5a","Veh",0.5,1,"Vehicle","VEH","5",20
"691","ind5a","Veh",0.5,0.895991614718376,"Vehicle","VEH","5",20
"692","ind5a","Veh",0.5,0.834359794781265,"Vehicle","VEH","5",20
"693","ind5a","Veh",0.5,0.807059083135654,"Vehicle","VEH","5",20
"694","ind5a","Veh",1,1,"Vehicle","VEH","5",21
"695","ind5a","Veh",1,0.902035946006414,"Vehicle","VEH","5",21
"696","ind5a","Veh",1,0.881542247744052,"Vehicle","VEH","5",21
"697","ind5a","Veh",1,0.76389844773766,"Vehicle","VEH","5",21
"698","ind5a","Veh",5,1.11772253879476,"Vehicle","VEH","5",22
"699","ind5a","Veh",5,1.05882943528738,"Vehicle","VEH","5",22
"700","ind5a","Veh",5,1,"Vehicle","VEH","5",22
"701","ind5a","Veh",5,0.998741328265996,"Vehicle","VEH","5",22
"702","ind5a","Veh",10,1.32671599897933,"Vehicle","VEH","5",23
"703","ind5a","Veh",10,1.29763294958198,"Vehicle","VEH","5",23
"704","ind5a","Veh",10,1.22116686429611,"Vehicle","VEH","5",23
"705","ind5a","Veh",10,1,"Vehicle","VEH","5",23
"706","ind5a","Veh",50,1.03484618228118,"Vehicle","VEH","5",24
"707","ind5a","Veh",50,1,"Vehicle","VEH","5",24
"708","ind5a","Veh",50,0.971019016716639,"Vehicle","VEH","5",24
"709","ind5a","Veh",50,0.6263194644104,"Vehicle","VEH","5",24
"710","ind5b","Veh",0.01,1.02683420656361,"Vehicle","VEH","5",25
"711","ind5b","Veh",0.01,1,"Vehicle","VEH","5",25
"712","ind5b","Veh",0.01,0.953347508050826,"Vehicle","VEH","5",25
"713","ind5b","Veh",0.01,1.19820541308774,"Vehicle","VEH","5",25
"714","ind5b","Veh",0.05,0.924774505121979,"Vehicle","VEH","5",26
"715","ind5b","Veh",0.05,1,"Vehicle","VEH","5",26
"716","ind5b","Veh",0.05,1.15183658095283,"Vehicle","VEH","5",26
"717","ind5b","Veh",0.05,0.812030429196963,"Vehicle","VEH","5",26
"718","ind5b","Veh",0.1,0.986300377847166,"Vehicle","VEH","5",27
"719","ind5b","Veh",0.1,1.17484909542451,"Vehicle","VEH","5",27
"720","ind5b","Veh",0.1,1,"Vehicle","VEH","5",27
"721","ind5b","Veh",0.1,1.04996783826267,"Vehicle","VEH","5",27
"722","ind5b","Veh",0.5,0.746102163875479,"Vehicle","VEH","5",28
"723","ind5b","Veh",0.5,1.68306549999124,"Vehicle","VEH","5",28
"724","ind5b","Veh",0.5,1,"Vehicle","VEH","5",28
"725","ind5b","Veh",1,1,"Vehicle","VEH","5",29
"726","ind5b","Veh",1,0.930709071641279,"Vehicle","VEH","5",29
"727","ind5b","Veh",1,1.42279070042804,"Vehicle","VEH","5",29
"728","ind5b","Veh",1,1.4119210708598,"Vehicle","VEH","5",29
"729","ind5b","Veh",5,1,"Vehicle","VEH","5",30
"730","ind5b","Veh",5,1.10988370822926,"Vehicle","VEH","5",30
"731","ind5b","Veh",5,0.982669103672257,"Vehicle","VEH","5",30
"732","ind5b","Veh",5,1.09246542923096,"Vehicle","VEH","5",30
"733","ind5b","Veh",10,1,"Vehicle","VEH","5",31
"734","ind5b","Veh",10,0.977277527328871,"Vehicle","VEH","5",31
"735","ind5b","Veh",10,0.952850869207408,"Vehicle","VEH","5",31
"736","ind5b","Veh",10,1.63270433839005,"Vehicle","VEH","5",31
"737","ind5b","Veh",50,0.606776540920337,"Vehicle","VEH","5",32
"738","ind5b","Veh",50,1.0706178262395,"Vehicle","VEH","5",32
"739","ind5b","Veh",50,1,"Vehicle","VEH","5",32
"740","ind5b","Veh",50,1.07023507379376,"Vehicle","VEH","5",32
