SampleID,Drug,Conc,Percent,Name
ind1a,Daun,0.01,0.6447900135190736,Daunorubicin
ind1a,Daun,0.01,0.8118460882854287,Daunorubicin
ind1a,Daun,0.01,0.9250205725033797,Daunorubicin
ind1a,Daun,0.01,0.9337198025039676,Daunorubicin
ind1a,Daun,0.05,0.8847397089025805,Daunorubicin
ind1a,Daun,0.05,0.9104696847932849,Daunorubicin
ind1a,Daun,0.05,1.0104027145280827,Daunorubicin
ind1a,Daun,0.05,1.1155906777390838,Daunorubicin
ind1a,Daun,0.1,0.6978069710774446,Daunorubicin
ind1a,Daun,0.1,0.9061288272062719,Daunorubicin
ind1a,Daun,0.1,0.9601970547727514,Daunorubicin
ind1a,Daun,0.1,1.0461171734293886,Daunorubicin
ind1a,Daun,0.5,0.47585340527711334,Daunorubicin
ind1a,Daun,0.5,0.6301895013999369,Daunorubicin
ind1a,Daun,0.5,0.6965845246704122,Daunorubicin
ind1a,Daun,0.5,0.7751293319241253,Daunorubicin
ind1a,Daun,1,0.3283282766781559,Daunorubicin
ind1a,Daun,1,0.41258178365771603,Daunorubicin
ind1a,Daun,1,0.5194320034674207,Daunorubicin
ind1a,Daun,1,0.5583579286289241,Daunorubicin
ind1a,Daun,5,0.037343506528397186,Daunorubicin
ind1a,Daun,5,0.15829348234914836,Daunorubicin
ind1a,Daun,5,0.20100567764583666,Daunorubicin
ind1a,Daun,5,0.3200616123081331,Daunorubicin
ind1a,Daun,10,0,Daunorubicin
ind1a,Daun,10,0.0016112526400591848,Daunorubicin
ind1a,Daun,10,0.014234546127550204,Daunorubicin
ind1a,Daun,10,0.03606810808456895,Daunorubicin
ind1a,Daun,50,0,Daunorubicin
ind1a,Daun,50,0,Daunorubicin
ind1a,Daun,50,0,Daunorubicin
ind1a,Daun,50,0.0063202697965169035,Daunorubicin
ind1a,Doxo,0.01,0.6459692588020924,Doxorubicin
ind1a,Doxo,0.01,0.7047551872097807,Doxorubicin
ind1a,Doxo,0.01,0.7346881796273437,Doxorubicin
ind1a,Doxo,0.01,0.8040873155822017,Doxorubicin
ind1a,Doxo,0.05,0.798365925529065,Doxorubicin
ind1a,Doxo,0.05,0.8301321546566658,Doxorubicin
ind1a,Doxo,0.05,1.0293329761585857,Doxorubicin
ind1a,Doxo,0.05,1.052674345923743,Doxorubicin
ind1a,Doxo,0.1,0.8086026062082847,Doxorubicin
ind1a,Doxo,0.1,1.051885792986545,Doxorubicin
ind1a,Doxo,0.1,1.2271056255959316,Doxorubicin
ind1a,Doxo,0.1,1.4228625913762052,Doxorubicin
ind1a,Doxo,0.5,0.6967235912554931,Doxorubicin
ind1a,Doxo,0.5,0.7695481263095436,Doxorubicin
ind1a,Doxo,0.5,0.830616899371419,Doxorubicin
ind1a,Doxo,0.5,1.0496699486380745,Doxorubicin
ind1a,Doxo,1,0.30816357419523505,Doxorubicin
ind1a,Doxo,1,0.4053751900545568,Doxorubicin
ind1a,Doxo,1,0.441783107331806,Doxorubicin
ind1a,Doxo,1,0.5554597541302776,Doxorubicin
ind1a,Doxo,5,0.33403184496623856,Doxorubicin
ind1a,Doxo,5,0.39390235165583076,Doxorubicin
ind1a,Doxo,5,0.5622167893539662,Doxorubicin
ind1a,Doxo,5,0.5788512170221912,Doxorubicin
ind1a,Doxo,10,0.42766782067193587,Doxorubicin
ind1a,Doxo,10,0.49076795784614713,Doxorubicin
ind1a,Doxo,10,0.5855705793977399,Doxorubicin
ind1a,Doxo,10,0.6680710693056372,Doxorubicin
ind1a,Doxo,50,0.0066066570216716134,Doxorubicin
ind1a,Doxo,50,0.02378495282017348,Doxorubicin
ind1a,Doxo,50,0.02420465823634847,Doxorubicin
ind1a,Doxo,50,0.08094883050320208,Doxorubicin
ind1a,Epi,0.01,0.6381002762593311,Epirubicin
ind1a,Epi,0.01,0.7342693822371127,Epirubicin
ind1a,Epi,0.01,0.781428172573914,Epirubicin
ind1a,Epi,0.01,1.061563216363957,Epirubicin
ind1a,Epi,0.05,0.6992454683453879,Epirubicin
ind1a,Epi,0.05,0.839673185105813,Epirubicin
ind1a,Epi,0.05,1.0351995713903026,Epirubicin
ind1a,Epi,0.05,1.0961782301991247,Epirubicin
ind1a,Epi,0.1,0.8642229049687467,Epirubicin
ind1a,Epi,0.1,0.9583536391566904,Epirubicin
ind1a,Epi,0.1,1.2343680474626548,Epirubicin
ind1a,Epi,0.1,1.273890242610446,Epirubicin
ind1a,Epi,0.5,0.6017133003281971,Epirubicin
ind1a,Epi,0.5,0.8195425636461404,Epirubicin
ind1a,Epi,0.5,0.8335651109751349,Epirubicin
ind1a,Epi,0.5,0.8391648588010606,Epirubicin
ind1a,Epi,1,0.35208423630747215,Epirubicin
ind1a,Epi,1,0.4647547694234037,Epirubicin
ind1a,Epi,1,0.4912179315184413,Epirubicin
ind1a,Epi,1,0.520491493123637,Epirubicin
ind1a,Epi,5,0.3588155750183583,Epirubicin
ind1a,Epi,5,0.4420593555782422,Epirubicin
ind1a,Epi,5,0.4983835724392384,Epirubicin
ind1a,Epi,5,0.9463220675944334,Epirubicin
ind1a,Epi,10,0.5379188712522046,Epirubicin
ind1a,Epi,10,0.5549023450258018,Epirubicin
ind1a,Epi,10,0.6683922311494328,Epirubicin
ind1a,Epi,10,0.697106277353191,Epirubicin
ind1a,Epi,50,0,Epirubicin
ind1a,Epi,50,0,Epirubicin
ind1a,Epi,50,0,Epirubicin
ind1a,Epi,50,0,Epirubicin
ind1a,Mito,0.01,0.681258449421031,Mitoxantrone
ind1a,Mito,0.01,0.7752564215599834,Mitoxantrone
ind1a,Mito,0.01,0.845283753600188,Mitoxantrone
ind1a,Mito,0.01,0.8864581496502674,Mitoxantrone
ind1a,Mito,0.05,0.7044736137155103,Mitoxantrone
ind1a,Mito,0.05,0.7372086793463702,Mitoxantrone
ind1a,Mito,0.05,0.8715510313420841,Mitoxantrone
ind1a,Mito,0.05,0.9171265291543886,Mitoxantrone
ind1a,Mito,0.1,0.6505350143023626,Mitoxantrone
ind1a,Mito,0.1,0.9910848606843945,Mitoxantrone
ind1a,Mito,0.1,1.2504661510753257,Mitoxantrone
ind1a,Mito,0.1,1.3328477592965355,Mitoxantrone
ind1a,Mito,0.5,0.6668242754630918,Mitoxantrone
ind1a,Mito,0.5,0.8764068902857355,Mitoxantrone
ind1a,Mito,0.5,0.9190632474828948,Mitoxantrone
ind1a,Mito,0.5,1.2016558194730302,Mitoxantrone
ind1a,Mito,1,0.2770599850020295,Mitoxantrone
ind1a,Mito,1,0.4064587590211416,Mitoxantrone
ind1a,Mito,1,0.5284479852497024,Mitoxantrone
ind1a,Mito,1,0.6373518262436964,Mitoxantrone
ind1a,Mito,5,0,Mitoxantrone
ind1a,Mito,5,0,Mitoxantrone
ind1a,Mito,5,0.013092615478301331,Mitoxantrone
ind1a,Mito,5,0.022294162950226536,Mitoxantrone
ind1a,Mito,10,0,Mitoxantrone
ind1a,Mito,10,0,Mitoxantrone
ind1a,Mito,10,0.022677292224617288,Mitoxantrone
ind1a,Mito,10,0.025017963289568228,Mitoxantrone
ind1a,Mito,50,0,Mitoxantrone
ind1a,Mito,50,0,Mitoxantrone
ind1a,Mito,50,0,Mitoxantrone
ind1a,Mito,50,0.014363800654740416,Mitoxantrone
ind1a,Tras,0.01,0.578094692294128,Trastuzumab
ind1a,Tras,0.01,0.6816552048433551,Trastuzumab
ind1a,Tras,0.01,0.7371679010168694,Trastuzumab
ind1a,Tras,0.01,0.7557272379944747,Trastuzumab
ind1a,Tras,0.05,0.8105902312706491,Trastuzumab
ind1a,Tras,0.05,0.9615813911956423,Trastuzumab
ind1a,Tras,0.05,1.0581034020894722,Trastuzumab
ind1a,Tras,0.05,1.0953924457540851,Trastuzumab
ind1a,Tras,0.1,0.6202140057209451,Trastuzumab
ind1a,Tras,0.1,0.9094024790761733,Trastuzumab
ind1a,Tras,0.1,1.197118338807077,Trastuzumab
ind1a,Tras,0.1,1.425437016633118,Trastuzumab
ind1a,Tras,0.5,0.8081251970109955,Trastuzumab
ind1a,Tras,0.5,0.810433702323339,Trastuzumab
ind1a,Tras,0.5,0.970485435092989,Trastuzumab
ind1a,Tras,0.5,1.1328642153863269,Trastuzumab
ind1a,Tras,1,0.7485294421167777,Trastuzumab
ind1a,Tras,1,0.7523442928594524,Trastuzumab
ind1a,Tras,1,0.8641789299154471,Trastuzumab
ind1a,Tras,1,0.9153853033649115,Trastuzumab
ind1a,Tras,5,0.867117117117117,Trastuzumab
ind1a,Tras,5,0.8865814124263427,Trastuzumab
ind1a,Tras,5,0.9366503680618988,Trastuzumab
ind1a,Tras,5,1.0135359017068757,Trastuzumab
ind1a,Tras,10,0.645840137609685,Trastuzumab
ind1a,Tras,10,0.7882726936224879,Trastuzumab
ind1a,Tras,10,0.8587704400461602,Trastuzumab
ind1a,Tras,10,0.9664902998236331,Trastuzumab
ind1a,Veh,0.01,0.5865147240345618,Vehicle
ind1a,Veh,0.01,0.7783202550990418,Vehicle
ind1a,Veh,0.01,0.7972102215952506,Vehicle
ind1a,Veh,0.01,1,Vehicle
ind1a,Veh,0.05,0.8043619966068398,Vehicle
ind1a,Veh,0.05,0.9376372890436646,Vehicle
ind1a,Veh,0.05,1,Vehicle
ind1a,Veh,0.05,1.0885838021251897,Vehicle
ind1a,Veh,0.1,0.7264752622099798,Vehicle
ind1a,Veh,0.1,0.8199809301832821,Vehicle
ind1a,Veh,0.1,1,Vehicle
ind1a,Veh,0.1,1.2969806123530034,Vehicle
ind1a,Veh,0.5,0.8784511690864252,Vehicle
ind1a,Veh,0.5,0.9999536444716396,Vehicle
ind1a,Veh,0.5,1,Vehicle
ind1a,Veh,0.5,1.2309293356325675,Vehicle
ind1a,Veh,1,0.5552069788721251,Vehicle
ind1a,Veh,1,0.7873384106279195,Vehicle
ind1a,Veh,1,0.866521502824159,Vehicle
ind1a,Veh,1,1,Vehicle
ind1a,Veh,5,1,Vehicle
ind1a,Veh,5,1.148165063672022,Vehicle
ind1a,Veh,5,1.170445793706231,Vehicle
ind1a,Veh,5,1.278056883921695,Vehicle
ind1a,Veh,10,1,Vehicle
ind1a,Veh,10,1.1829751562261848,Vehicle
ind1a,Veh,10,1.369161930890326,Vehicle
ind1a,Veh,10,1.4434972891763016,Vehicle
ind1a,Veh,50,0.8415883628032372,Vehicle
ind1a,Veh,50,0.9250011109849252,Vehicle
ind1a,Veh,50,1,Vehicle
ind1a,Veh,50,1.360492388518835,Vehicle
ind1b,Daun,0.01,1.0857870087558543,Daunorubicin
ind1b,Daun,0.01,1.1187538179596823,Daunorubicin
ind1b,Daun,0.01,1.2407350845041745,Daunorubicin
ind1b,Daun,0.01,1.3411321523111384,Daunorubicin
ind1b,Daun,0.05,0.816372214760478,Daunorubicin
ind1b,Daun,0.05,1.297884308525904,Daunorubicin
ind1b,Daun,0.05,1.3211649504654983,Daunorubicin
ind1b,Daun,0.05,1.4466944473143462,Daunorubicin
ind1b,Daun,0.1,0.3379131267804472,Daunorubicin
ind1b,Daun,0.1,0.5009806640280334,Daunorubicin
ind1b,Daun,0.1,0.543862656616331,Daunorubicin
ind1b,Daun,0.5,0.3775975881461358,Daunorubicin
ind1b,Daun,0.5,0.405053960260732,Daunorubicin
ind1b,Daun,0.5,0.6897140064768877,Daunorubicin
ind1b,Daun,0.5,1.0299742415332498,Daunorubicin
ind1b,Daun,1,0.34663849103858496,Daunorubicin
ind1b,Daun,1,0.350760481072761,Daunorubicin
ind1b,Daun,1,0.5548250763089927,Daunorubicin
ind1b,Daun,1,0.599114728722618,Daunorubicin
ind1b,Daun,5,0.19564230037439395,Daunorubicin
ind1b,Daun,5,0.2258147670778862,Daunorubicin
ind1b,Daun,5,0.29256736021604374,Daunorubicin
ind1b,Daun,5,0.3348186337691033,Daunorubicin
ind1b,Daun,10,0,Daunorubicin
ind1b,Daun,10,0.03157788198778719,Daunorubicin
ind1b,Daun,10,0.03639103494034168,Daunorubicin
ind1b,Daun,10,0.0635493629319749,Daunorubicin
ind1b,Daun,50,0,Daunorubicin
ind1b,Daun,50,4.559047390911549e-4,Daunorubicin
ind1b,Daun,50,0.009519909128140167,Daunorubicin
ind1b,Daun,50,0.02532975821594433,Daunorubicin
ind1b,Doxo,0.01,0.43163306862146206,Doxorubicin
ind1b,Doxo,0.01,1.463765017308084,Doxorubicin
ind1b,Doxo,0.01,1.7571981266544494,Doxorubicin
ind1b,Doxo,0.05,1.1397412496699615,Doxorubicin
ind1b,Doxo,0.05,1.2254709508558046,Doxorubicin
ind1b,Doxo,0.05,1.2660284005464295,Doxorubicin
ind1b,Doxo,0.05,1.5074445248016899,Doxorubicin
ind1b,Doxo,0.1,0.5744775253989463,Doxorubicin
ind1b,Doxo,0.1,0.5759901177301031,Doxorubicin
ind1b,Doxo,0.1,0.6056873471651498,Doxorubicin
ind1b,Doxo,0.1,0.7085839614793153,Doxorubicin
ind1b,Doxo,0.5,0.5971574579457829,Doxorubicin
ind1b,Doxo,0.5,0.6058291990027911,Doxorubicin
ind1b,Doxo,0.5,0.7754540861542029,Doxorubicin
ind1b,Doxo,1,0.32099345177532546,Doxorubicin
ind1b,Doxo,1,0.3321506526484221,Doxorubicin
ind1b,Doxo,1,0.4835424764985695,Doxorubicin
ind1b,Doxo,1,0.5444331394084858,Doxorubicin
ind1b,Doxo,5,0.3275148836923833,Doxorubicin
ind1b,Doxo,5,0.3625851592708525,Doxorubicin
ind1b,Doxo,5,0.555539188608605,Doxorubicin
ind1b,Doxo,10,0.04381022525010745,Doxorubicin
ind1b,Doxo,10,0.3314553040270796,Doxorubicin
ind1b,Doxo,10,0.3329172430079957,Doxorubicin
ind1b,Doxo,10,0.442866300057353,Doxorubicin
ind1b,Doxo,5,0.004589956186781853,Doxorubicin
ind1b,Doxo,50,0.017355288881333433,Doxorubicin
ind1b,Doxo,50,0.03463330577299034,Doxorubicin
ind1b,Doxo,50,0.04005007224931037,Doxorubicin
ind1b,Doxo,50,0.04092304578118147,Doxorubicin
ind1b,Epi,0.01,0.9323966605579312,Epirubicin
ind1b,Epi,0.01,0.9401649358582773,Epirubicin
ind1b,Epi,0.01,1.1622683771126046,Epirubicin
ind1b,Epi,0.05,0.7581706099114922,Epirubicin
ind1b,Epi,0.05,1.0633903869775345,Epirubicin
ind1b,Epi,0.05,1.1472603919137652,Epirubicin
ind1b,Epi,0.05,1.4888475623055644,Epirubicin
ind1b,Epi,0.1,0.4148284468197746,Epirubicin
ind1b,Epi,0.1,0.5188443794589962,Epirubicin
ind1b,Epi,0.1,0.7210174704414248,Epirubicin
ind1b,Epi,0.5,0.41740311586340556,Epirubicin
ind1b,Epi,0.5,0.4552042870039838,Epirubicin
ind1b,Epi,0.5,0.5687320374036128,Epirubicin
ind1b,Epi,0.5,0.5739665554055509,Epirubicin
ind1b,Epi,1,0.20337759689720247,Epirubicin
ind1b,Epi,1,0.44229648761228946,Epirubicin
ind1b,Epi,1,0.5036393519605541,Epirubicin
ind1b,Epi,1,0.602741036410912,Epirubicin
ind1b,Epi,5,0.447910145461241,Epirubicin
ind1b,Epi,5,0.6684097465169091,Epirubicin
ind1b,Epi,5,0.7458540477505677,Epirubicin
ind1b,Epi,10,0.2513410478728788,Epirubicin
ind1b,Epi,10,0.3813973887520664,Epirubicin
ind1b,Epi,10,0.38283683636404536,Epirubicin
ind1b,Epi,10,0.6979521608582706,Epirubicin
ind1b,Epi,50,0,Epirubicin
ind1b,Epi,50,0,Epirubicin
ind1b,Epi,50,0.009519909128140167,Epirubicin
ind1b,Epi,50,0.01464304204368961,Epirubicin
ind1b,Mito,0.01,0.9232335573203014,Mitoxantrone
ind1b,Mito,0.01,1.5118713093056406,Mitoxantrone
ind1b,Mito,0.01,1.7010588474852373,Mitoxantrone
ind1b,Mito,0.05,0.9415573234149534,Mitoxantrone
ind1b,Mito,0.05,0.956331576953542,Mitoxantrone
ind1b,Mito,0.05,1.006646692151393,Mitoxantrone
ind1b,Mito,0.05,1.2143357325710877,Mitoxantrone
ind1b,Mito,0.1,0.40355459197821864,Mitoxantrone
ind1b,Mito,0.1,0.4900799152948294,Mitoxantrone
ind1b,Mito,0.1,0.5534676179191772,Mitoxantrone
ind1b,Mito,0.1,0.5544659288577407,Mitoxantrone
ind1b,Mito,0.5,0.444818075652037,Mitoxantrone
ind1b,Mito,0.5,0.6756006857881179,Mitoxantrone
ind1b,Mito,0.5,1.0442780589214573,Mitoxantrone
ind1b,Mito,0.5,1.1662290764223062,Mitoxantrone
ind1b,Mito,1,0.36217856739105864,Mitoxantrone
ind1b,Mito,1,0.38839755463376036,Mitoxantrone
ind1b,Mito,1,0.7804301131373215,Mitoxantrone
ind1b,Mito,1,0.9381092762168133,Mitoxantrone
ind1b,Mito,5,0.009525563125268565,Mitoxantrone
ind1b,Mito,5,0.036887006689989614,Mitoxantrone
ind1b,Mito,5,0.03883876511385262,Mitoxantrone
ind1b,Mito,5,0.060099429202725096,Mitoxantrone
ind1b,Mito,10,0,Mitoxantrone
ind1b,Mito,10,0.010053641914915151,Mitoxantrone
ind1b,Mito,10,0.018442922528479736,Mitoxantrone
ind1b,Mito,10,0.019095172227657636,Mitoxantrone
ind1b,Mito,50,0,Mitoxantrone
ind1b,Mito,50,0,Mitoxantrone
ind1b,Mito,50,0,Mitoxantrone
ind1b,Mito,50,0.010377628213548897,Mitoxantrone
ind1b,Tras,0.01,0.9072693952351863,Trastuzumab
ind1b,Tras,0.01,0.983984931785787,Trastuzumab
ind1b,Tras,0.01,1.2156587253105275,Trastuzumab
ind1b,Tras,0.01,1.579678273264101,Trastuzumab
ind1b,Tras,0.05,0.39004258934003744,Trastuzumab
ind1b,Tras,0.05,0.9219616351551468,Trastuzumab
ind1b,Tras,0.05,1.0898508799118367,Trastuzumab
ind1b,Tras,0.05,1.9285279700611864,Trastuzumab
ind1b,Tras,0.1,0.39463533919883026,Trastuzumab
ind1b,Tras,0.1,0.40669070007815056,Trastuzumab
ind1b,Tras,0.1,0.49901429399752945,Trastuzumab
ind1b,Tras,0.1,0.6678952277711953,Trastuzumab
ind1b,Tras,0.5,0.6287881925176209,Trastuzumab
ind1b,Tras,0.5,0.7800757017318634,Trastuzumab
ind1b,Tras,0.5,1.0447253120418762,Trastuzumab
ind1b,Tras,0.5,1.4432278423349925,Trastuzumab
ind1b,Tras,1,0.6125851138764968,Trastuzumab
ind1b,Tras,1,0.9710591079457012,Trastuzumab
ind1b,Tras,1,1.046507178697834,Trastuzumab
ind1b,Tras,1,1.1401911420695174,Trastuzumab
ind1b,Tras,5,0.9029644632664334,Trastuzumab
ind1b,Tras,5,1.0751856625544713,Trastuzumab
ind1b,Tras,5,1.1354323942797522,Trastuzumab
ind1b,Tras,5,1.243662922727552,Trastuzumab
ind1b,Tras,10,0.6573664856111467,Trastuzumab
ind1b,Tras,10,1.321772769699628,Trastuzumab
ind1b,Veh,0.01,0.923538994094889,Vehicle
ind1b,Veh,0.01,0.9504581551618815,Vehicle
ind1b,Veh,0.01,1,Vehicle
ind1b,Veh,0.01,1.2454693545102833,Vehicle
ind1b,Veh,0.05,0.8511554223921204,Vehicle
ind1b,Veh,0.05,1,Vehicle
ind1b,Veh,0.05,1.2310729988176008,Vehicle
ind1b,Veh,0.05,1.2666482992963002,Vehicle
ind1b,Veh,0.1,1,Vehicle
ind1b,Veh,0.1,1.1589885799278998,Vehicle
ind1b,Veh,0.5,0.6865583872383776,Vehicle
ind1b,Veh,0.5,1,Vehicle
ind1b,Veh,0.5,1.4910342314286424,Vehicle
ind1b,Veh,1,0.9847816823632745,Vehicle
ind1b,Veh,1,1,Vehicle
ind1b,Veh,1,1.0239405876879464,Vehicle
ind1b,Veh,5,0.7216227827901553,Vehicle
ind1b,Veh,5,0.8032038298655865,Vehicle
ind1b,Veh,5,1,Vehicle
ind1b,Veh,5,1.1859203338857178,Vehicle
ind1b,Veh,10,0.8552005667824972,Vehicle
ind1b,Veh,10,1,Vehicle
ind1b,Veh,10,1.0666306804763672,Vehicle
ind1b,Veh,50,0.8651758324125088,Vehicle
ind1b,Veh,50,1,Vehicle
ind1b,Veh,50,1.1064035297844883,Vehicle
ind2a,Daun,0.01,0.9714166756761109,Daunorubicin
ind2a,Daun,0.01,0.8624568409284865,Daunorubicin
ind2a,Daun,0.01,1.0346882770645622,Daunorubicin
ind2a,Daun,0.01,0.9265082384658029,Daunorubicin
ind2a,Daun,0.05,0.8849238779783803,Daunorubicin
ind2a,Daun,0.05,0.8834750127341672,Daunorubicin
ind2a,Daun,0.05,0.7423170524647689,Daunorubicin
ind2a,Daun,0.05,0.9185171769766258,Daunorubicin
ind2a,Daun,0.1,0.8502359019185942,Daunorubicin
ind2a,Daun,0.1,0.7928181594046978,Daunorubicin
ind2a,Daun,0.1,0.8491964766003227,Daunorubicin
ind2a,Daun,0.1,0.862678187197418,Daunorubicin
ind2a,Daun,0.5,0.8397776186487479,Daunorubicin
ind2a,Daun,0.5,0.9916924076956208,Daunorubicin
ind2a,Daun,0.5,0.38277020153309954,Daunorubicin
ind2a,Daun,0.5,0.8749791913837796,Daunorubicin
ind2a,Daun,1,0.7262140295391859,Daunorubicin
ind2a,Daun,1,0.7458874469357757,Daunorubicin
ind2a,Daun,1,0.9634138367765043,Daunorubicin
ind2a,Daun,1,0.4656260064948431,Daunorubicin
ind2a,Daun,5,0.09053854086167515,Daunorubicin
ind2a,Daun,5,0.596427117437549,Daunorubicin
ind2a,Daun,5,0.04974878169482765,Daunorubicin
ind2a,Daun,5,0.10992172130248343,Daunorubicin
ind2a,Daun,10,0,Daunorubicin
ind2a,Daun,10,0,Daunorubicin
ind2a,Daun,10,0,Daunorubicin
ind2a,Daun,10,0.011127281157031179,Daunorubicin
ind2a,Daun,50,0,Daunorubicin
ind2a,Daun,50,0,Daunorubicin
ind2a,Daun,50,0,Daunorubicin
ind2a,Daun,50,0.007412380422330981,Daunorubicin
ind2a,Doxo,0.01,0.8538859841418447,Doxorubicin
ind2a,Doxo,0.01,0.8421798407743676,Doxorubicin
ind2a,Doxo,0.01,0.8675197651870477,Doxorubicin
ind2a,Doxo,0.01,0.8744206160619605,Doxorubicin
ind2a,Doxo,0.05,0.8939973965702643,Doxorubicin
ind2a,Doxo,0.05,0.9944309242175562,Doxorubicin
ind2a,Doxo,0.05,0.9562125756975495,Doxorubicin
ind2a,Doxo,0.05,1.0274673156375573,Doxorubicin
ind2a,Doxo,0.1,1.1151464721176259,Doxorubicin
ind2a,Doxo,0.1,0.9959179442352519,Doxorubicin
ind2a,Doxo,0.1,1.0471047382105074,Doxorubicin
ind2a,Doxo,0.1,0.957638515330823,Doxorubicin
ind2a,Doxo,0.5,0.885945001836443,Doxorubicin
ind2a,Doxo,0.5,0.9138959278528943,Doxorubicin
ind2a,Doxo,0.5,0.9090181239744324,Doxorubicin
ind2a,Doxo,0.5,0.9143451297268588,Doxorubicin
ind2a,Doxo,0.5,0.8239577855933031,Doxorubicin
ind2a,Doxo,1,0.7931821098795718,Doxorubicin
ind2a,Doxo,1,0.6246988083101057,Doxorubicin
ind2a,Doxo,1,0.8051014304637686,Doxorubicin
ind2a,Doxo,1,0.8462314816394889,Doxorubicin
ind2a,Doxo,5,0.5994549013776174,Doxorubicin
ind2a,Doxo,5,0.7143839239787324,Doxorubicin
ind2a,Doxo,5,0.4162837243205161,Doxorubicin
ind2a,Doxo,10,0.4690586886808248,Doxorubicin
ind2a,Doxo,10,0.5569951189356962,Doxorubicin
ind2a,Doxo,10,0.39597666361868455,Doxorubicin
ind2a,Doxo,10,0.4760776333921465,Doxorubicin
ind2a,Doxo,50,0,Doxorubicin
ind2a,Doxo,50,0.01771234473309192,Doxorubicin
ind2a,Doxo,50,0,Doxorubicin
ind2a,Doxo,50,0.008235978247034424,Doxorubicin
ind2a,Epi,0.01,0.9564832343827994,Epirubicin
ind2a,Epi,0.01,0.9210036597512474,Epirubicin
ind2a,Epi,0.01,0.7920658617207502,Epirubicin
ind2a,Epi,0.01,0.9149148089959492,Epirubicin
ind2a,Epi,0.05,0.8253890995528893,Epirubicin
ind2a,Epi,0.05,0.971339634387911,Epirubicin
ind2a,Epi,0.05,0.7992868866376139,Epirubicin
ind2a,Epi,0.05,0.919698907691437,Epirubicin
ind2a,Epi,0.1,0.7049460955710957,Epirubicin
ind2a,Epi,0.1,0.9848568899049668,Epirubicin
ind2a,Epi,0.1,1.056280258203335,Epirubicin
ind2a,Epi,0.1,1.1541655459924691,Epirubicin
ind2a,Epi,0.5,0.7705106896834184,Epirubicin
ind2a,Epi,0.5,0.9027821450182191,Epirubicin
ind2a,Epi,0.5,0.8455221179075647,Epirubicin
ind2a,Epi,0.5,0.7506480397622929,Epirubicin
ind2a,Epi,1,0.8046752215196772,Epirubicin
ind2a,Epi,1,0.5660853919306055,Epirubicin
ind2a,Epi,1,0.8590652947259065,Epirubicin
ind2a,Epi,1,0.5480514259837315,Epirubicin
ind2a,Epi,5,0.5620683518567727,Epirubicin
ind2a,Epi,5,0.5300840319745685,Epirubicin
ind2a,Epi,5,0.5344867516168903,Epirubicin
ind2a,Epi,5,0.5113444384582193,Epirubicin
ind2a,Epi,10,0.2867721869486265,Epirubicin
ind2a,Epi,10,0.39955954512086755,Epirubicin
ind2a,Epi,10,0.5391296508557961,Epirubicin
ind2a,Epi,10,0.46694656586861044,Epirubicin
ind2a,Epi,50,0,Epirubicin
ind2a,Epi,50,0,Epirubicin
ind2a,Epi,50,0,Epirubicin
ind2a,Epi,50,0,Epirubicin
ind2a,Mito,0.01,0.8318170630438734,Mitoxantrone
ind2a,Mito,0.01,0.9454878786554384,Mitoxantrone
ind2a,Mito,0.01,0.9755203816630592,Mitoxantrone
ind2a,Mito,0.01,0.8135965164504784,Mitoxantrone
ind2a,Mito,0.05,0.726830041315298,Mitoxantrone
ind2a,Mito,0.05,0.9078521704680513,Mitoxantrone
ind2a,Mito,0.05,0.9385500028298149,Mitoxantrone
ind2a,Mito,0.05,0.9536702699643443,Mitoxantrone
ind2a,Mito,0.1,1.1757469293526985,Mitoxantrone
ind2a,Mito,0.1,0.9817974493455263,Mitoxantrone
ind2a,Mito,0.1,1.0709750986193294,Mitoxantrone
ind2a,Mito,0.1,1.1636156311637083,Mitoxantrone
ind2a,Mito,0.5,0.8226233917912321,Mitoxantrone
ind2a,Mito,0.5,1.0763854574856848,Mitoxantrone
ind2a,Mito,0.5,0.9020872032955563,Mitoxantrone
ind2a,Mito,0.5,1.0767368918929632,Mitoxantrone
ind2a,Mito,1,0.6588875462230865,Mitoxantrone
ind2a,Mito,1,0.88571304029854,Mitoxantrone
ind2a,Mito,1,0.838125358705681,Mitoxantrone
ind2a,Mito,1,0.8898661558617049,Mitoxantrone
ind2a,Mito,5,0.002820568453026696,Mitoxantrone
ind2a,Mito,5,0,Mitoxantrone
ind2a,Mito,5,2.3646943815348176e-4,Mitoxantrone
ind2a,Mito,5,0.02520227888279161,Mitoxantrone
ind2a,Mito,10,0,Mitoxantrone
ind2a,Mito,10,0.0014192434994269028,Mitoxantrone
ind2a,Mito,10,0,Mitoxantrone
ind2a,Mito,10,0.0018390923023426532,Mitoxantrone
ind2a,Mito,50,0,Mitoxantrone
ind2a,Mito,50,0.003172099500600237,Mitoxantrone
ind2a,Mito,50,0,Mitoxantrone
ind2a,Mito,50,0,Mitoxantrone
ind2a,Tras,0.01,0.8562000694685655,Trastuzumab
ind2a,Tras,0.01,0.7934897372846073,Trastuzumab
ind2a,Tras,0.01,0.8881556095866621,Trastuzumab
ind2a,Tras,0.01,0.831290298093755,Trastuzumab
ind2a,Tras,0.05,0.9094413945327976,Trastuzumab
ind2a,Tras,0.05,0.9256596298602071,Trastuzumab
ind2a,Tras,0.05,0.7986756466127115,Trastuzumab
ind2a,Tras,0.05,0.8398981266625163,Trastuzumab
ind2a,Tras,0.1,0.9842461224672764,Trastuzumab
ind2a,Tras,0.1,1.1030431907835754,Trastuzumab
ind2a,Tras,0.1,0.6449900259996414,Trastuzumab
ind2a,Tras,0.1,1.0310146584185045,Trastuzumab
ind2a,Tras,0.5,0.9860483182674548,Trastuzumab
ind2a,Tras,0.5,0.9926647976345557,Trastuzumab
ind2a,Tras,0.5,0.8914807543420645,Trastuzumab
ind2a,Tras,0.5,1.1976884600038578,Trastuzumab
ind2a,Tras,1,0.9593890682249124,Trastuzumab
ind2a,Tras,1,0.9163129051709316,Trastuzumab
ind2a,Tras,1,0.886204633569282,Trastuzumab
ind2a,Tras,1,0.965159840462243,Trastuzumab
ind2a,Tras,5,0.8592007332990413,Trastuzumab
ind2a,Tras,5,0.9739396052179299,Trastuzumab
ind2a,Tras,5,1.0214772757745594,Trastuzumab
ind2a,Tras,5,0.8999392980514431,Trastuzumab
ind2a,Tras,10,0.8898553711025539,Trastuzumab
ind2a,Tras,10,0.840081394001056,Trastuzumab
ind2a,Tras,10,0.8262778986953778,Trastuzumab
ind2a,Tras,10,0.9754298298710832,Trastuzumab
ind2a,Veh,0.01,0.9450968304391931,Vehicle
ind2a,Veh,0.01,1,Vehicle
ind2a,Veh,0.01,0.9435694421122126,Vehicle
ind2a,Veh,0.01,0.951063766162368,Vehicle
ind2a,Veh,0.05,0.9177950082064633,Vehicle
ind2a,Veh,0.05,1,Vehicle
ind2a,Veh,0.05,0.8031852396853246,Vehicle
ind2a,Veh,0.05,0.8494493180146019,Vehicle
ind2a,Veh,0.1,1,Vehicle
ind2a,Veh,0.1,1.0042697686928457,Vehicle
ind2a,Veh,0.1,1.0457739376008606,Vehicle
ind2a,Veh,0.1,1.0889759279182356,Vehicle
ind2a,Veh,0.5,1,Vehicle
ind2a,Veh,0.5,0.9929977354940823,Vehicle
ind2a,Veh,0.5,1.0208852447753858,Vehicle
ind2a,Veh,0.5,1.0185678915785217,Vehicle
ind2a,Veh,1,1,Vehicle
ind2a,Veh,1,0.9775852841675486,Vehicle
ind2a,Veh,1,0.8903601707741747,Vehicle
ind2a,Veh,1,0.9857341085815718,Vehicle
ind2a,Veh,5,0.932247849225136,Vehicle
ind2a,Veh,5,1,Vehicle
ind2a,Veh,5,0.9713506305445381,Vehicle
ind2a,Veh,5,1.015975095136287,Vehicle
ind2a,Veh,10,1,Vehicle
ind2a,Veh,10,1.0239854727162672,Vehicle
ind2a,Veh,10,1.0664391412417735,Vehicle
ind2a,Veh,10,0.8928406763944517,Vehicle
ind2a,Veh,50,0.8760260656232762,Vehicle
ind2a,Veh,50,0.9572777346567468,Vehicle
ind2a,Veh,50,1,Vehicle
ind2a,Veh,50,0.9154514439167317,Vehicle
ind2b,Daun,0.01,1.1205562002215306,Daunorubicin
ind2b,Daun,0.01,0.9404405559364946,Daunorubicin
ind2b,Daun,0.01,1.3551182815549343,Daunorubicin
ind2b,Daun,0.01,1.206696028271533,Daunorubicin
ind2b,Daun,0.05,0.7323886591426426,Daunorubicin
ind2b,Daun,0.05,0.8204274869203543,Daunorubicin
ind2b,Daun,0.05,0.9085616560798007,Daunorubicin
ind2b,Daun,0.05,1.4493618086260114,Daunorubicin
ind2b,Daun,0.1,0.6205388304416602,Daunorubicin
ind2b,Daun,0.1,0.7754663921460317,Daunorubicin
ind2b,Daun,0.1,0.7391468099530469,Daunorubicin
ind2b,Daun,0.1,0.8845105079468703,Daunorubicin
ind2b,Daun,0.5,1.0541566108491442,Daunorubicin
ind2b,Daun,0.5,1.0834960828723128,Daunorubicin
ind2b,Daun,0.5,0.6751234544981992,Daunorubicin
ind2b,Daun,0.5,1.3382801767348607,Daunorubicin
ind2b,Daun,1,0.5603995256549752,Daunorubicin
ind2b,Daun,1,0.749061701529396,Daunorubicin
ind2b,Daun,1,0.8641331589178087,Daunorubicin
ind2b,Daun,1,0.7227068229886182,Daunorubicin
ind2b,Daun,5,0.04975049063866828,Daunorubicin
ind2b,Daun,5,0.0644939798770565,Daunorubicin
ind2b,Daun,5,0.3165579061758298,Daunorubicin
ind2b,Daun,5,0.24431913409708966,Daunorubicin
ind2b,Daun,10,0,Daunorubicin
ind2b,Daun,10,0,Daunorubicin
ind2b,Daun,10,0,Daunorubicin
ind2b,Daun,10,0.03533826399417028,Daunorubicin
ind2b,Daun,50,0,Daunorubicin
ind2b,Daun,50,0,Daunorubicin
ind2b,Daun,50,0,Daunorubicin
ind2b,Daun,50,0,Daunorubicin
ind2b,Doxo,0.01,0.9949133656838441,Doxorubicin
ind2b,Doxo,0.01,0.7332928951948942,Doxorubicin
ind2b,Doxo,0.01,0.9876773564006539,Doxorubicin
ind2b,Doxo,0.01,1.1967469275805684,Doxorubicin
ind2b,Doxo,0.05,0.7452597456768643,Doxorubicin
ind2b,Doxo,0.05,0.8717718004028173,Doxorubicin
ind2b,Doxo,0.05,0.8437205782454803,Doxorubicin
ind2b,Doxo,0.05,1.0045763863232786,Doxorubicin
ind2b,Doxo,0.1,0.8141411605192458,Doxorubicin
ind2b,Doxo,0.1,0.6637431892936954,Doxorubicin
ind2b,Doxo,0.1,0.8993019810681198,Doxorubicin
ind2b,Doxo,0.1,0.94888392296683155,Doxorubicin
ind2b,Doxo,0.5,0.8178368544165151,Doxorubicin
ind2b,Doxo,0.5,0.8875877176697732,Doxorubicin
ind2b,Doxo,0.5,0.9627037463334943,Doxorubicin
ind2b,Doxo,0.5,1.1982883451527866,Doxorubicin
ind2b,Doxo,0.5,1.2803178257156647,Doxorubicin
ind2b,Doxo,1,0.8666271379145934,Doxorubicin
ind2b,Doxo,1,0.7387343056591318,Doxorubicin
ind2b,Doxo,1,0.7682860896503626,Doxorubicin
ind2b,Doxo,1,0.7965726126875069,Doxorubicin
ind2b,Doxo,5,0.45809161832366474,Doxorubicin
ind2b,Doxo,5,0.5618934597730357,Doxorubicin
ind2b,Doxo,5,0.4569724755761963,Doxorubicin
ind2b,Doxo,10,0.6466257360393336,Doxorubicin
ind2b,Doxo,10,0.794378041528114,Doxorubicin
ind2b,Doxo,10,0.6123260936937238,Doxorubicin
ind2b,Doxo,10,0.8425734364137398,Doxorubicin
ind2b,Doxo,50,0.012456066985676492,Doxorubicin
ind2b,Doxo,50,0.013624421808013137,Doxorubicin
ind2b,Doxo,50,0.0484420339589033,Doxorubicin
ind2b,Doxo,50,0.030460223264306734,Doxorubicin
ind2b,Epi,0.01,1.0549079592805528,Epirubicin
ind2b,Epi,0.01,0.9447722717442903,Epirubicin
ind2b,Epi,0.01,0.6944063505459147,Epirubicin
ind2b,Epi,0.01,1.404847302072894,Epirubicin
ind2b,Epi,0.05,0.9500351571345148,Epirubicin
ind2b,Epi,0.05,0.982749168742328,Epirubicin
ind2b,Epi,0.05,0.8678181124789951,Epirubicin
ind2b,Epi,0.05,1.0945131034811522,Epirubicin
ind2b,Epi,0.1,0.8826273633464736,Epirubicin
ind2b,Epi,0.1,0.561209732091295,Epirubicin
ind2b,Epi,0.1,0.5845933663092876,Epirubicin
ind2b,Epi,0.1,1.0301152484495444,Epirubicin
ind2b,Epi,0.5,0.6530501615118999,Epirubicin
ind2b,Epi,0.5,1.0178888352578621,Epirubicin
ind2b,Epi,0.5,0.7571492221438385,Epirubicin
ind2b,Epi,0.5,1.7494152155348455,Epirubicin
ind2b,Epi,1,0.7574788806435444,Epirubicin
ind2b,Epi,1,0.33841400051346626,Epirubicin
ind2b,Epi,1,0.6156307688546035,Epirubicin
ind2b,Epi,1,0.8754844309693508,Epirubicin
ind2b,Epi,5,0.3504268421251818,Epirubicin
ind2b,Epi,5,0.260795402323708,Epirubicin
ind2b,Epi,5,0.49792390910614553,Epirubicin
ind2b,Epi,5,0.46013527029730267,Epirubicin
ind2b,Epi,10,0.4890484047944116,Epirubicin
ind2b,Epi,10,0.4969637068741677,Epirubicin
ind2b,Epi,10,0.5191768085837054,Epirubicin
ind2b,Epi,10,0.7173064520181927,Epirubicin
ind2b,Epi,50,0,Epirubicin
ind2b,Epi,50,0,Epirubicin
ind2b,Epi,50,0.004159470856570103,Epirubicin
ind2b,Epi,50,0.0015386530720389474,Epirubicin
ind2b,Mito,0.01,0.6494046363204811,Mitoxantrone
ind2b,Mito,0.01,0.9281179123371487,Mitoxantrone
ind2b,Mito,0.01,0.9479963341948415,Mitoxantrone
ind2b,Mito,0.01,0.979152381454718,Mitoxantrone
ind2b,Mito,0.05,0.8695908662956298,Mitoxantrone
ind2b,Mito,0.05,0.9875937027017364,Mitoxantrone
ind2b,Mito,0.05,1.1419752350760943,Mitoxantrone
ind2b,Mito,0.05,1.2404032940447387,Mitoxantrone
ind2b,Mito,0.1,0.8016973409998244,Mitoxantrone
ind2b,Mito,0.1,0.6994777412308234,Mitoxantrone
ind2b,Mito,0.1,0.846076782082507,Mitoxantrone
ind2b,Mito,0.1,1.0031159765987898,Mitoxantrone
ind2b,Mito,0.5,1.0319013849181302,Mitoxantrone
ind2b,Mito,0.5,1.0634463297813093,Mitoxantrone
ind2b,Mito,0.5,1.2917461849775367,Mitoxantrone
ind2b,Mito,0.5,1.3886978799242562,Mitoxantrone
ind2b,Mito,1,0.4185514138660342,Mitoxantrone
ind2b,Mito,1,0.4915369756837048,Mitoxantrone
ind2b,Mito,1,0.9841375600572146,Mitoxantrone
ind2b,Mito,1,1.136196926537648,Mitoxantrone
ind2b,Mito,5,0.014943529246389827,Mitoxantrone
ind2b,Mito,5,0,Mitoxantrone
ind2b,Mito,5,0.03532868735909346,Mitoxantrone
ind2b,Mito,5,0.02183679979239089,Mitoxantrone
ind2b,Mito,10,1.8427158280915175e-4,Mitoxantrone
ind2b,Mito,10,0.020839440819506,Mitoxantrone
ind2b,Mito,10,0,Mitoxantrone
ind2b,Mito,10,0.03468493747330153,Mitoxantrone
ind2b,Mito,50,0,Mitoxantrone
ind2b,Mito,50,0,Mitoxantrone
ind2b,Mito,50,0.005921579768946684,Mitoxantrone
ind2b,Mito,50,0,Mitoxantrone
ind2b,Tras,0.01,1.0813531831847671,Trastuzumab
ind2b,Tras,0.01,0.8994969407669181,Trastuzumab
ind2b,Tras,0.01,0.9497567118518909,Trastuzumab
ind2b,Tras,0.01,1.5184806688116461,Trastuzumab
ind2b,Tras,0.05,0.8463335279886544,Trastuzumab
ind2b,Tras,0.05,0.9246862672657283,Trastuzumab
ind2b,Tras,0.05,0.7346023668498016,Trastuzumab
ind2b,Tras,0.05,0.926009128937301,Trastuzumab
ind2b,Tras,0.1,0.7940442413438121,Trastuzumab
ind2b,Tras,0.1,0.8543349988701133,Trastuzumab
ind2b,Tras,0.1,0.6232329826499612,Trastuzumab
ind2b,Tras,0.1,0.633796168428453,Trastuzumab
ind2b,Tras,0.5,0.9971039245535217,Trastuzumab
ind2b,Tras,0.5,1.2328407529796162,Trastuzumab
ind2b,Tras,0.5,0.9920246537704673,Trastuzumab
ind2b,Tras,0.5,1.4068540452233318,Trastuzumab
ind2b,Tras,1,1.0251231707764343,Trastuzumab
ind2b,Tras,1,0,Trastuzumab
ind2b,Tras,1,1.1957039989241658,Trastuzumab
ind2b,Tras,1,1.5489687885863783,Trastuzumab
ind2b,Tras,5,0.8189908251920655,Trastuzumab
ind2b,Tras,5,0.7448003114136341,Trastuzumab
ind2b,Tras,5,0.9173429280450686,Trastuzumab
ind2b,Tras,5,0.946005417299676,Trastuzumab
ind2b,Tras,10,1.0456323446883715,Trastuzumab
ind2b,Tras,10,0.9212699662447965,Trastuzumab
ind2b,Tras,10,1.134233472095419,Trastuzumab
ind2b,Tras,10,1.4952215028185174,Trastuzumab
ind2b,Veh,0.01,1,Vehicle
ind2b,Veh,0.01,1.1739609156601087,Vehicle
ind2b,Veh,0.01,1.0088183712221108,Vehicle
ind2b,Veh,0.01,1.0224464634210666,Vehicle
ind2b,Veh,0.05,1,Vehicle
ind2b,Veh,0.05,1.09467399206283,Vehicle
ind2b,Veh,0.05,1.1051287704537058,Vehicle
ind2b,Veh,0.05,1.1455296809639015,Vehicle
ind2b,Veh,0.1,0.8179526451904486,Vehicle
ind2b,Veh,0.1,0.8463655309212343,Vehicle
ind2b,Veh,0.1,1,Vehicle
ind2b,Veh,0.1,1.022883973184021,Vehicle
ind2b,Veh,0.5,1,Vehicle
ind2b,Veh,0.5,1.2698214086808006,Vehicle
ind2b,Veh,0.5,1.294037054914046,Vehicle
ind2b,Veh,0.5,1.2100323023799797,Vehicle
ind2b,Veh,1,1,Vehicle
ind2b,Veh,1,0.8002218907783905,Vehicle
ind2b,Veh,1,1.1358851791630498,Vehicle
ind2b,Veh,1,1.2195801802022077,Vehicle
ind2b,Veh,5,1,Vehicle
ind2b,Veh,5,1.0125214232035595,Vehicle
ind2b,Veh,5,1.1862129182593275,Vehicle
ind2b,Veh,5,1.264782686266983,Vehicle
ind2b,Veh,10,1,Vehicle
ind2b,Veh,10,1.491753846669291,Vehicle
ind2b,Veh,10,1.4976589133002203,Vehicle
ind2b,Veh,10,1.1765238003501157,Vehicle
ind2b,Veh,50,0.8392458684611235,Vehicle
ind2b,Veh,50,0.9487264613213902,Vehicle
ind2b,Veh,50,1,Vehicle
ind2b,Veh,50,1.2044078260619737,Vehicle
ind3a,Daun,0.01,1.0609622202232922,Daunorubicin
ind3a,Daun,0.01,0.8481268850203715,Daunorubicin
ind3a,Daun,0.01,1.123935128842796,Daunorubicin
ind3a,Daun,0.01,0.800677284512408,Daunorubicin
ind3a,Daun,0.05,1.3166918953370585,Daunorubicin
ind3a,Daun,0.05,1.0442165644241603,Daunorubicin
ind3a,Daun,0.05,0.8648350272583454,Daunorubicin
ind3a,Daun,0.05,1.2850460375812345,Daunorubicin
ind3a,Daun,0.1,1.2828729359673985,Daunorubicin
ind3a,Daun,0.1,1.1974984841434353,Daunorubicin
ind3a,Daun,0.1,0.7568002030542748,Daunorubicin
ind3a,Daun,0.1,0.8900545708363298,Daunorubicin
ind3a,Daun,0.5,0.45634693548150423,Daunorubicin
ind3a,Daun,0.5,0.60583850567123,Daunorubicin
ind3a,Daun,0.5,0.4915995363237517,Daunorubicin
ind3a,Daun,0.5,0.732564452465848,Daunorubicin
ind3a,Daun,1,0.24198402523218787,Daunorubicin
ind3a,Daun,1,0.2985397593552309,Daunorubicin
ind3a,Daun,1,0.30119419515219364,Daunorubicin
ind3a,Daun,1,0.25946056567772385,Daunorubicin
ind3a,Daun,5,0.09286787357296089,Daunorubicin
ind3a,Daun,5,0.1346400032734946,Daunorubicin
ind3a,Daun,5,0.050704093621946486,Daunorubicin
ind3a,Daun,5,0.12949009475597853,Daunorubicin
ind3a,Daun,10,0.33560016327006614,Daunorubicin
ind3a,Daun,10,0,Daunorubicin
ind3a,Daun,10,0.08453599230298259,Daunorubicin
ind3a,Daun,10,0.09984256100760955,Daunorubicin
ind3a,Daun,50,0,Daunorubicin
ind3a,Daun,50,0,Daunorubicin
ind3a,Daun,50,0.06425599292999963,Daunorubicin
ind3a,Daun,50,0.08708620245240638,Daunorubicin
ind3a,Doxo,0.01,0.8537224191756178,Doxorubicin
ind3a,Doxo,0.01,0.9363590666172813,Doxorubicin
ind3a,Doxo,0.01,0.9879490978358643,Doxorubicin
ind3a,Doxo,0.01,1.16176781840309,Doxorubicin
ind3a,Doxo,0.05,0.6143143302641612,Doxorubicin
ind3a,Doxo,0.05,0.7838054698792437,Doxorubicin
ind3a,Doxo,0.05,0.7354176388240784,Doxorubicin
ind3a,Doxo,0.05,1.445454855855138,Doxorubicin
ind3a,Doxo,0.1,0.8103487175148413,Doxorubicin
ind3a,Doxo,0.1,0.8866139289592059,Doxorubicin
ind3a,Doxo,0.1,1.0645402371786736,Doxorubicin
ind3a,Doxo,0.1,0.6996488853166377,Doxorubicin
ind3a,Doxo,0.5,1.1236005341080835,Doxorubicin
ind3a,Doxo,0.5,1.1337251104165749,Doxorubicin
ind3a,Doxo,0.5,0.8827163211104754,Doxorubicin
ind3a,Doxo,0.5,0.9250194421211722,Doxorubicin
ind3a,Doxo,0.5,1.0347757186248183,Doxorubicin
ind3a,Doxo,1,0.20700686782595085,Doxorubicin
ind3a,Doxo,1,0.14694499118197635,Doxorubicin
ind3a,Doxo,1,0.26606956909056984,Doxorubicin
ind3a,Doxo,1,0.5332756574755512,Doxorubicin
ind3a,Doxo,5,0.48863337444686705,Doxorubicin
ind3a,Doxo,5,0.40757346364959585,Doxorubicin
ind3a,Doxo,5,0.4317154865523672,Doxorubicin
ind3a,Doxo,10,0.46461267092335046,Doxorubicin
ind3a,Doxo,10,0.5512041167380972,Doxorubicin
ind3a,Doxo,10,0.40614886731391586,Doxorubicin
ind3a,Doxo,10,0.7717571940872912,Doxorubicin
ind3a,Doxo,50,0.01936271802236374,Doxorubicin
ind3a,Doxo,50,0.05456542818917156,Doxorubicin
ind3a,Doxo,50,0.019614341299358098,Doxorubicin
ind3a,Doxo,50,0.12427735022277865,Doxorubicin
ind3a,Epi,0.01,1.7287356473887505,Epirubicin
ind3a,Epi,0.01,0.6172416529975131,Epirubicin
ind3a,Epi,0.01,0.9807264934652626,Epirubicin
ind3a,Epi,0.01,1.8322398010476744,Epirubicin
ind3a,Epi,0.05,0.6927432480111081,Epirubicin
ind3a,Epi,0.05,1.2775286525613738,Epirubicin
ind3a,Epi,0.05,0.9682801634362587,Epirubicin
ind3a,Epi,0.05,1.4044819776242559,Epirubicin
ind3a,Epi,0.1,1.081806901025142,Epirubicin
ind3a,Epi,0.1,0.935389257864828,Epirubicin
ind3a,Epi,0.1,0.9896780743686281,Epirubicin
ind3a,Epi,0.1,1.7432209484326748,Epirubicin
ind3a,Epi,0.5,0.8102669073087702,Epirubicin
ind3a,Epi,0.5,0.9201845901013924,Epirubicin
ind3a,Epi,0.5,0.45647165852298577,Epirubicin
ind3a,Epi,0.5,1.247039661927191,Epirubicin
ind3a,Epi,1,0.2610526252430223,Epirubicin
ind3a,Epi,1,0.2889482776262964,Epirubicin
ind3a,Epi,1,0.29434743615209136,Epirubicin
ind3a,Epi,1,0.2853608768666823,Epirubicin
ind3a,Epi,5,0.7195901117080042,Epirubicin
ind3a,Epi,5,0.42735472406193925,Epirubicin
ind3a,Epi,5,0.4682149516867266,Epirubicin
ind3a,Epi,5,0.35602761426542195,Epirubicin
ind3a,Epi,10,0.32029359456543915,Epirubicin
ind3a,Epi,10,0.4441018688591504,Epirubicin
ind3a,Epi,10,0.5866278900259482,Epirubicin
ind3a,Epi,10,0.38794133939765013,Epirubicin
ind3a,Epi,50,0,Epirubicin
ind3a,Epi,50,0,Epirubicin
ind3a,Epi,50,0.0034122571221662143,Epirubicin
ind3a,Epi,50,0.06915344110174172,Epirubicin
ind3a,Mito,0.01,0.9646013016561723,Mitoxantrone
ind3a,Mito,0.01,1.118577702523943,Mitoxantrone
ind3a,Mito,0.01,1.1993756283401238,Mitoxantrone
ind3a,Mito,0.01,0.8185353722419175,Mitoxantrone
ind3a,Mito,0.05,0.7381889987821949,Mitoxantrone
ind3a,Mito,0.05,0.7905659947873394,Mitoxantrone
ind3a,Mito,0.05,1.1523565095660286,Mitoxantrone
ind3a,Mito,0.05,1.5749291510647256,Mitoxantrone
ind3a,Mito,0.1,1.4333446141263728,Mitoxantrone
ind3a,Mito,0.1,0.767150330668246,Mitoxantrone
ind3a,Mito,0.1,1.0552758858947784,Mitoxantrone
ind3a,Mito,0.1,1.145846553012677,Mitoxantrone
ind3a,Mito,0.5,1.1379950404249386,Mitoxantrone
ind3a,Mito,0.5,1.263803906032193,Mitoxantrone
ind3a,Mito,0.5,0.8677642294317032,Mitoxantrone
ind3a,Mito,0.5,1.4316150900206894,Mitoxantrone
ind3a,Mito,1,0.1918175963211085,Mitoxantrone
ind3a,Mito,1,0.2543683827202851,Mitoxantrone
ind3a,Mito,1,0.1955976092020441,Mitoxantrone
ind3a,Mito,1,0.558984452590332,Mitoxantrone
ind3a,Mito,5,0.04159091839060971,Mitoxantrone
ind3a,Mito,5,0,Mitoxantrone
ind3a,Mito,5,0.024855177090214047,Mitoxantrone
ind3a,Mito,5,0.09192674386658171,Mitoxantrone
ind3a,Mito,10,0.00506574535700744,Mitoxantrone
ind3a,Mito,10,0.01446835184699257,Mitoxantrone
ind3a,Mito,10,0.0950756581824543,Mitoxantrone
ind3a,Mito,10,0.09734977696142745,Mitoxantrone
ind3a,Mito,50,0,Mitoxantrone
ind3a,Mito,50,0,Mitoxantrone
ind3a,Mito,50,0,Mitoxantrone
ind3a,Mito,50,0.0689693265088191,Mitoxantrone
ind3a,Tras,0.01,0.9964746812000634,Trastuzumab
ind3a,Tras,0.01,1.017262818138526,Trastuzumab
ind3a,Tras,0.01,1.2096142653050426,Trastuzumab
ind3a,Tras,0.01,1.9274035663262605,Trastuzumab
ind3a,Tras,0.05,0.9617301935968495,Trastuzumab
ind3a,Tras,0.05,1.4458588939599146,Trastuzumab
ind3a,Tras,0.05,0.8113198957467876,Trastuzumab
ind3a,Tras,0.05,0.8617620613910292,Trastuzumab
ind3a,Tras,0.1,0.973892014608627,Trastuzumab
ind3a,Tras,0.1,1.1186950942651268,Trastuzumab
ind3a,Tras,0.1,0.9713890886529324,Trastuzumab
ind3a,Tras,0.1,1.1005118659841786,Trastuzumab
ind3a,Tras,0.5,1.3771111208933104,Trastuzumab
ind3a,Tras,0.5,1.2580299628765537,Trastuzumab
ind3a,Tras,0.5,1.8895540784434564,Trastuzumab
ind3a,Tras,0.5,1.9707267684993617,Trastuzumab
ind3a,Tras,1,0.420697978174639,Trastuzumab
ind3a,Tras,1,0.41168433280966915,Trastuzumab
ind3a,Tras,1,0.5498474150851406,Trastuzumab
ind3a,Tras,1,0.7315047220065368,Trastuzumab
ind3a,Tras,5,1.0303733537537045,Trastuzumab
ind3a,Tras,5,0.8923195632222879,Trastuzumab
ind3a,Tras,5,0.9191505281432856,Trastuzumab
ind3a,Tras,5,1.1551344178732807,Trastuzumab
ind3a,Tras,10,1.4681113151986935,Trastuzumab
ind3a,Tras,10,0.8105775678591213,Trastuzumab
ind3a,Tras,10,0.6464619959765591,Trastuzumab
ind3a,Tras,10,1.338012770051605,Trastuzumab
ind3a,Veh,0.01,1.393836975501349,Vehicle
ind3a,Veh,0.01,1.5947603047780303,Vehicle
ind3a,Veh,0.01,0.6834753161542939,Vehicle
ind3a,Veh,0.01,1,Vehicle
ind3a,Veh,0.05,1.0878242263523894,Vehicle
ind3a,Veh,0.05,1.4351718015546928,Vehicle
ind3a,Veh,0.05,0.48449290372511755,Vehicle
ind3a,Veh,0.05,1,Vehicle
ind3a,Veh,0.1,0.9312576674140192,Vehicle
ind3a,Veh,0.1,1,Vehicle
ind3a,Veh,0.1,1.2178180126062863,Vehicle
ind3a,Veh,0.1,1.3498032911713693,Vehicle
ind3a,Veh,0.5,1.1412525128024533,Vehicle
ind3a,Veh,0.5,1.134510131912958,Vehicle
ind3a,Veh,0.5,1.3281976786840985,Vehicle
ind3a,Veh,0.5,1,Vehicle
ind3a,Veh,1,0.4199756827196831,Vehicle
ind3a,Veh,1,0.34981972709270065,Vehicle
ind3a,Veh,1,0.4877480633453114,Vehicle
ind3a,Veh,1,1,Vehicle
ind3a,Veh,5,1,Vehicle
ind3a,Veh,5,1.022552039796342,Vehicle
ind3a,Veh,5,1.0500084760128836,Vehicle
ind3a,Veh,5,1.6028783370647275,Vehicle
ind3a,Veh,10,1.6902752266829935,Vehicle
ind3a,Veh,10,1.7518513659290356,Vehicle
ind3a,Veh,10,1.789680457156185,Vehicle
ind3a,Veh,10,1,Vehicle
ind3a,Veh,50,0.867425218789508,Vehicle
ind3a,Veh,50,1.1873427354518786,Vehicle
ind3a,Veh,50,1.2381951860171105,Vehicle
ind3a,Veh,50,1,Vehicle
ind3b,Daun,0.01,0.800677284512408,Daunorubicin
ind3b,Daun,0.01,0.8481268850203715,Daunorubicin
ind3b,Daun,0.01,1.0609622202232922,Daunorubicin
ind3b,Daun,0.01,1.123935128842796,Daunorubicin
ind3b,Daun,0.05,0.8648350272583454,Daunorubicin
ind3b,Daun,0.05,1.0442165644241603,Daunorubicin
ind3b,Daun,0.05,1.2850460375812345,Daunorubicin
ind3b,Daun,0.05,1.3166918953370585,Daunorubicin
ind3b,Daun,0.1,0.6214394886758372,Daunorubicin
ind3b,Daun,0.1,0.7308600805891343,Daunorubicin
ind3b,Daun,0.1,0.8753743890082728,Daunorubicin
ind3b,Daun,0.1,1.0534192487610579,Daunorubicin
ind3b,Daun,0.5,0.4022413926899298,Daunorubicin
ind3b,Daun,0.5,0.43331436405494195,Daunorubicin
ind3b,Daun,0.5,0.5340088983160454,Daunorubicin
ind3b,Daun,0.5,0.6457099252437983,Daunorubicin
ind3b,Daun,1,0.49612503547937253,Daunorubicin
ind3b,Daun,1,0.5319561166438365,Daunorubicin
ind3b,Daun,1,0.6120777954660447,Daunorubicin
ind3b,Daun,1,0.6175200227067984,Daunorubicin
ind3b,Daun,5,0.048289223163684586,Daunorubicin
ind3b,Daun,5,0.08844487991716117,Daunorubicin
ind3b,Daun,5,0.12332290425662208,Daunorubicin
ind3b,Daun,5,0.128227539443065,Daunorubicin
ind3b,Daun,10,0,Daunorubicin
ind3b,Daun,10,0.050013152277500125,Daunorubicin
ind3b,Daun,10,0.05906881875299161,Daunorubicin
ind3b,Daun,10,0.1985476435862164,Daunorubicin
ind3b,Daun,50,0,Daunorubicin
ind3b,Daun,50,0,Daunorubicin
ind3b,Daun,50,0.06425599292999963,Daunorubicin
ind3b,Daun,50,0.08708620245240638,Daunorubicin
ind3b,Doxo,0.01,0.8537224191756178,Doxorubicin
ind3b,Doxo,0.01,0.9363590666172813,Doxorubicin
ind3b,Doxo,0.01,0.9879490978358643,Doxorubicin
ind3b,Doxo,0.01,1.16176781840309,Doxorubicin
ind3b,Doxo,0.05,0.6143143302641612,Doxorubicin
ind3b,Doxo,0.05,0.7354176388240784,Doxorubicin
ind3b,Doxo,0.05,0.7838054698792437,Doxorubicin
ind3b,Doxo,0.05,1.445454855855138,Doxorubicin
ind3b,Doxo,0.1,0.5745102125885786,Doxorubicin
ind3b,Doxo,0.1,0.6654103561669213,Doxorubicin
ind3b,Doxo,0.1,0.7280348293270344,Doxorubicin
ind3b,Doxo,0.1,0.8741373720531703,Doxorubicin
ind3b,Doxo,1,0.4244135105450865,Doxorubicin
ind3b,Doxo,0.5,0.7780594428205593,Doxorubicin
ind3b,Doxo,0.5,0.9120903282547401,Doxorubicin
ind3b,Doxo,0.5,0.9534942554268013,Doxorubicin
ind3b,Doxo,0.5,0.9903838692154477,Doxorubicin
ind3b,Doxo,1,0.3012723211531105,Doxorubicin
ind3b,Doxo,1,0.5078774787614265,Doxorubicin
ind3b,Doxo,1,0.5455061518146929,Doxorubicin
ind3b,Doxo,5,0.8153470084585737,Doxorubicin
ind3b,Doxo,5,0.3881620700789418,Doxorubicin
ind3b,Doxo,5,0.41115428724126796,Doxorubicin
ind3b,Doxo,5,0.46536136194092165,Doxorubicin
ind3b,Doxo,10,0.2402856415939698,Doxorubicin
ind3b,Doxo,10,0.27487397530821606,Doxorubicin
ind3b,Doxo,10,0.32610317422671076,Doxorubicin
ind3b,Doxo,10,0.4565867036942808,Doxorubicin
ind3b,Doxo,50,0.01936271802236374,Doxorubicin
ind3b,Doxo,50,0.019614341299358098,Doxorubicin
ind3b,Doxo,50,0.05456542818917156,Doxorubicin
ind3b,Doxo,50,0.12427735022277865,Doxorubicin
ind3b,Epi,0.01,0.6172416529975131,Epirubicin
ind3b,Epi,0.01,0.9807264934652626,Epirubicin
ind3b,Epi,0.05,0.9682801634362587,Epirubicin
ind3b,Epi,0.05,1.099187769988877,Epirubicin
ind3b,Epi,0.05,1.2775286525613738,Epirubicin
ind3b,Epi,0.05,1.4044819776242559,Epirubicin
ind3b,Epi,0.1,0.7680862396368858,Epirubicin
ind3b,Epi,0.1,0.812664999305266,Epirubicin
ind3b,Epi,0.1,0.8883157334074382,Epirubicin
ind3b,Epi,0.1,1.4314297624010004,Epirubicin
ind3b,Epi,0.5,0.4023513282806074,Epirubicin
ind3b,Epi,0.5,0.6927432480111081,Epirubicin
ind3b,Epi,0.5,0.714199798235857,Epirubicin
ind3b,Epi,0.5,0.8110853876199591,Epirubicin
ind3b,Epi,1,0.47955359876497966,Epirubicin
ind3b,Epi,1,0.5352202189231547,Epirubicin
ind3b,Epi,1,0.5850579393580393,Epirubicin
ind3b,Epi,1,0.5924129675564277,Epirubicin
ind3b,Epi,5,0.3390711812321156,Epirubicin
ind3b,Epi,5,0.4070012136327703,Epirubicin
ind3b,Epi,5,0.44591540200193736,Epirubicin
ind3b,Epi,5,0.6853183837529088,Epirubicin
ind3b,Epi,10,0.1894919771107249,Epirubicin
ind3b,Epi,10,0.22951371071026616,Epirubicin
ind3b,Epi,10,0.26273938223105747,Epirubicin
ind3b,Epi,10,0.3470605737842768,Epirubicin
ind3b,Epi,50,0,Epirubicin
ind3b,Epi,50,0,Epirubicin
ind3b,Epi,50,0.0034122571221662143,Epirubicin
ind3b,Epi,50,0.06915344110174172,Epirubicin
ind3b,Mito,0.01,0.8185353722419175,Mitoxantrone
ind3b,Mito,0.01,0.9646013016561723,Mitoxantrone
ind3b,Mito,0.01,1.118577702523943,Mitoxantrone
ind3b,Mito,0.01,1.2096142653050426,Mitoxantrone
ind3b,Mito,0.05,0.7381889987821949,Mitoxantrone
ind3b,Mito,0.05,0.7905659947873394,Mitoxantrone
ind3b,Mito,0.05,1.1523565095660286,Mitoxantrone
ind3b,Mito,0.05,1.5749291510647256,Mitoxantrone
ind3b,Mito,0.1,0.6299384002593674,Mitoxantrone
ind3b,Mito,0.1,0.8665300356630078,Mitoxantrone
ind3b,Mito,0.1,0.9409013014682044,Mitoxantrone
ind3b,Mito,0.1,1.1769776758834698,Mitoxantrone
ind3b,Mito,0.5,0.764880105538167,Mitoxantrone
ind3b,Mito,0.5,1.0030717297395173,Mitoxantrone
ind3b,Mito,0.5,1.1139644067358183,Mitoxantrone
ind3b,Mito,0.5,1.2618795105926175,Mitoxantrone
ind3b,Mito,1,0.401021805930917,Mitoxantrone
ind3b,Mito,1,0.5215159256105538,Mitoxantrone
ind3b,Mito,1,1.146051608603902,Mitoxantrone
ind3b,Mito,5,0,Mitoxantrone
ind3b,Mito,5,0.02367140614387676,Mitoxantrone
ind3b,Mito,5,0.03961007871911634,Mitoxantrone
ind3b,Mito,1,0.3932718768896623,Mitoxantrone
ind3b,Mito,10,0.0029969943811745323,Mitoxantrone
ind3b,Mito,10,0.008559760930405017,Mitoxantrone
ind3b,Mito,10,0.056248625479195694,Mitoxantrone
ind3b,Mito,10,0.057594038784125855,Mitoxantrone
ind3b,Mito,5,0.08754857314642646,Mitoxantrone
ind3b,Mito,50,0,Mitoxantrone
ind3b,Mito,50,0,Mitoxantrone
ind3b,Mito,50,0,Mitoxantrone
ind3b,Mito,50,0.0689693265088191,Mitoxantrone
ind3b,Tras,0.01,0.9964746812000634,Mitoxantrone
ind3b,Tras,0.01,1.017262818138526,Trastuzumab
ind3b,Tras,0.01,1.1993756283401238,Trastuzumab
ind3b,Tras,0.05,0.8113198957467876,Trastuzumab
ind3b,Tras,0.05,0.8617620613910292,Trastuzumab
ind3b,Tras,0.05,0.9617301935968495,Trastuzumab
ind3b,Tras,0.05,1.4458588939599146,Trastuzumab
ind3b,Tras,0.1,0.7976471678013988,Trastuzumab
ind3b,Tras,0.1,0.7997024223055903,Trastuzumab
ind3b,Tras,0.1,0.903675142420453,Trastuzumab
ind3b,Tras,0.1,0.9186061321847065,Trastuzumab
ind3b,Tras,0.5,1.108875035567397,Trastuzumab
ind3b,Tras,0.5,1.2138376574665666,Trastuzumab
ind3b,Tras,0.5,1.6655241987635478,Trastuzumab
ind3b,Tras,1,0.8440511890217566,Trastuzumab
ind3b,Tras,1,0.8625313144027741,Trastuzumab
ind3b,Tras,1,1.127318499870423,Trastuzumab
ind3b,Tras,1,1.4997593572988783,Trastuzumab
ind3b,Tras,5,0.849821295358133,Trastuzumab
ind3b,Tras,5,0.9813000345161613,Trastuzumab
ind3b,Tras,5,0.9833148070955491,Trastuzumab
ind3b,Tras,5,1.1001191364279113,Trastuzumab
ind3b,Tras,10,0.38245960525918615,Trastuzumab
ind3b,Tras,10,0.6034825318080289,Trastuzumab
ind3b,Tras,10,0.7915946166218916,Trastuzumab
ind3b,Tras,10,0.8685634694414378,Trastuzumab
ind3b,Veh,0.01,0.6834753161542939,Vehicle
ind3b,Veh,0.01,1,Vehicle
ind3b,Veh,0.01,1.393836975501349,Vehicle
ind3b,Veh,0.01,1.5947603047780303,Vehicle
ind3b,Veh,0.05,0.48449290372511755,Vehicle
ind3b,Veh,0.05,1,Vehicle
ind3b,Veh,0.05,1.0878242263523894,Vehicle
ind3b,Veh,0.05,1.4351718015546928,Vehicle
ind3b,Veh,0.1,0.7646936223426428,Vehicle
ind3b,Veh,0.1,0.821140753091566,Vehicle
ind3b,Veh,0.1,1,Vehicle
ind3b,Veh,0.1,1.1083784910379324,Vehicle
ind3b,Veh,0.5,0.8814376988540831,Vehicle
ind3b,Veh,0.5,1,Vehicle
ind3b,Veh,0.5,1.0059429886960345,Vehicle
ind3b,Veh,0.5,1.1707235055226468,Vehicle
ind3b,Veh,1,0.7172139745535769,Vehicle
ind3b,Veh,1,0.8610504362420248,Vehicle
ind3b,Veh,1,1,Vehicle
ind3b,Veh,5,0.9523732644494671,Vehicle
ind3b,Veh,5,0.9738512242103036,Vehicle
ind3b,Veh,5,1,Vehicle
ind3b,Veh,5,1.526538474385668,Vehicle
ind3b,Veh,10,0.5916196275102524,Vehicle
ind3b,Veh,10,1,Vehicle
ind3b,Veh,10,1.036429652564263,Vehicle
ind3b,Veh,10,1.0588100854251203,Vehicle
ind3b,Veh,50,0.867425218789508,Vehicle
ind3b,Veh,50,1,Vehicle
ind3b,Veh,50,1.1873427354518786,Vehicle
ind3b,Veh,50,1.2381951860171105,Vehicle
ind4a,Daun,0.01,0.932025882015463,Daunorubicin
ind4a,Daun,0.01,1.0171897283795595,Daunorubicin
ind4a,Daun,0.01,1.0522836196934968,Daunorubicin
ind4a,Daun,0.01,1.0689889397953578,Daunorubicin
ind4a,Daun,0.05,0.9396898267023079,Daunorubicin
ind4a,Daun,0.05,0.9641751890640049,Daunorubicin
ind4a,Daun,0.05,1.0176020565010788,Daunorubicin
ind4a,Daun,0.05,1.1220169169465175,Daunorubicin
ind4a,Daun,0.1,0.6500801092637827,Daunorubicin
ind4a,Daun,0.1,0.9085835106243271,Daunorubicin
ind4a,Daun,0.1,1.041115751319833,Daunorubicin
ind4a,Daun,0.1,1.0767945788353952,Daunorubicin
ind4a,Daun,0.5,0.34932688280996044,Daunorubicin
ind4a,Daun,0.5,0.5100198845582788,Daunorubicin
ind4a,Daun,0.5,0.6878036495046433,Daunorubicin
ind4a,Daun,0.5,0.6960386094280334,Daunorubicin
ind4a,Daun,1,0.17484652870071518,Daunorubicin
ind4a,Daun,1,0.36729004493386497,Daunorubicin
ind4a,Daun,1,0.4943263084614898,Daunorubicin
ind4a,Daun,1,0.5040218973482691,Daunorubicin
ind4a,Daun,5,0.07090928176458838,Daunorubicin
ind4a,Daun,5,0.08108803640784097,Daunorubicin
ind4a,Daun,5,0.10194669529088683,Daunorubicin
ind4a,Daun,5,0.2370166699963768,Daunorubicin
ind4a,Daun,10,0,Daunorubicin
ind4a,Daun,10,0,Daunorubicin
ind4a,Daun,10,0,Daunorubicin
ind4a,Daun,10,0.0111840076334872,Daunorubicin
ind4a,Daun,50,0,Daunorubicin
ind4a,Daun,50,0,Daunorubicin
ind4a,Daun,50,0,Daunorubicin
ind4a,Daun,50,0,Daunorubicin
ind4a,Doxo,0.01,0.85040444031900575,Doxorubicin
ind4a,Doxo,0.01,0.9968283435672474,Doxorubicin
ind4a,Doxo,0.01,1.0892041902669116,Doxorubicin
ind4a,Doxo,0.01,1.2512509370188052,Doxorubicin
ind4a,Doxo,0.05,0.9273022184095492,Doxorubicin
ind4a,Doxo,0.05,0.9382346999423219,Doxorubicin
ind4a,Doxo,0.05,0.9796545757441787,Doxorubicin
ind4a,Doxo,0.05,0.9884233979698493,Doxorubicin
ind4a,Doxo,0.1,0.6816930633257163,Doxorubicin
ind4a,Doxo,0.1,0.791865626559504,Doxorubicin
ind4a,Doxo,0.1,0.8442045544086361,Doxorubicin
ind4a,Doxo,0.1,1.0064481391012003,Doxorubicin
ind4a,Doxo,0.5,0.7317839582277852,Doxorubicin
ind4a,Doxo,0.5,0.785147201372884,Doxorubicin
ind4a,Doxo,0.5,0.7863010328841981,Doxorubicin
ind4a,Doxo,0.5,1.0240401088232969,Doxorubicin
ind4a,Doxo,1,0.3866938801341687,Doxorubicin
ind4a,Doxo,1,0.4674545914815518,Doxorubicin
ind4a,Doxo,1,0.484371242326435,Doxorubicin
ind4a,Doxo,1,0.5351971394215556,Doxorubicin
ind4a,Doxo,5,0.27084088161695236,Doxorubicin
ind4a,Doxo,5,0.2806776355220252,Doxorubicin
ind4a,Doxo,5,0.3755540581265808,Doxorubicin
ind4a,Doxo,5,0.43061956311945304,Doxorubicin
ind4a,Doxo,10,0.15005759381729714,Doxorubicin
ind4a,Doxo,10,0.1865749734435831,Doxorubicin
ind4a,Doxo,10,0.33012723357258267,Doxorubicin
ind4a,Doxo,10,0.35706058026100407,Doxorubicin
ind4a,Doxo,50,0,Doxorubicin
ind4a,Doxo,50,0.012803121478111716,Doxorubicin
ind4a,Doxo,50,0.016469563528612056,Doxorubicin
ind4a,Doxo,50,0.02320216337736401,Doxorubicin
ind4a,Epi,0.01,0.8666388831006459,Epirubicin
ind4a,Epi,0.01,1.076571688365812,Epirubicin
ind4a,Epi,0.01,1.1772122438928023,Epirubicin
ind4a,Epi,0.01,1.1906214227531167,Epirubicin
ind4a,Epi,0.05,0.9380883089201904,Epirubicin
ind4a,Epi,0.05,0.9928502624791027,Epirubicin
ind4a,Epi,0.05,1.0935438631419612,Epirubicin
ind4a,Epi,0.05,1.096685414476901,Epirubicin
ind4a,Epi,0.1,0.7590234549418222,Epirubicin
ind4a,Epi,0.1,0.7745672786489114,Epirubicin
ind4a,Epi,0.1,0.8984634780553148,Epirubicin
ind4a,Epi,0.1,1.0850996769364116,Epirubicin
ind4a,Epi,0.5,0.5200705184334834,Epirubicin
ind4a,Epi,0.5,0.7585915055744119,Epirubicin
ind4a,Epi,0.5,0.9843852040143967,Epirubicin
ind4a,Epi,0.5,1.077754772733263,Epirubicin
ind4a,Epi,1,0.39356053414340864,Epirubicin
ind4a,Epi,1,0.4865040187329916,Epirubicin
ind4a,Epi,1,0.5040788557686222,Epirubicin
ind4a,Epi,1,0.6230301879627872,Epirubicin
ind4a,Epi,5,0.3416113313987153,Epirubicin
ind4a,Epi,5,0.3453834979564609,Epirubicin
ind4a,Epi,5,0.36596449287385585,Epirubicin
ind4a,Epi,5,0.5141591691752364,Epirubicin
ind4a,Epi,10,0.18111871706806615,Epirubicin
ind4a,Epi,10,0.19674417010867704,Epirubicin
ind4a,Epi,10,0.23728916313679385,Epirubicin
ind4a,Epi,10,0.2449173785719369,Epirubicin
ind4a,Epi,50,0,Epirubicin
ind4a,Epi,50,0,Epirubicin
ind4a,Epi,50,0,Epirubicin
ind4a,Epi,50,0,Epirubicin
ind4a,Mito,0.01,0.7107135415116244,Mitoxantrone
ind4a,Mito,0.01,0.8491189993586324,Mitoxantrone
ind4a,Mito,0.01,0.9047799460385414,Mitoxantrone
ind4a,Mito,0.01,0.9468693423684046,Mitoxantrone
ind4a,Mito,0.05,0.8830745628032124,Mitoxantrone
ind4a,Mito,0.05,0.8936498502419844,Mitoxantrone
ind4a,Mito,0.05,0.9520598680724108,Mitoxantrone
ind4a,Mito,0.05,1.0048455428325491,Mitoxantrone
ind4a,Mito,0.1,0.7883250597536312,Mitoxantrone
ind4a,Mito,0.1,0.799099099099099,Mitoxantrone
ind4a,Mito,0.1,0.8020145509941428,Mitoxantrone
ind4a,Mito,0.1,0.8331389698736636,Mitoxantrone
ind4a,Mito,0.5,0.5636291222387846,Mitoxantrone
ind4a,Mito,0.5,0.8955987477706747,Mitoxantrone
ind4a,Mito,0.5,1.142170198933438,Mitoxantrone
ind4a,Mito,0.5,1.1638177180492635,Mitoxantrone
ind4a,Mito,1,0.5748591861274602,Mitoxantrone
ind4a,Mito,1,0.6030915764825011,Mitoxantrone
ind4a,Mito,1,0.8006265426238846,Mitoxantrone
ind4a,Mito,1,0.9234668691854946,Mitoxantrone
ind4a,Mito,5,0,Mitoxantrone
ind4a,Mito,5,0.001256260137274331,Mitoxantrone
ind4a,Mito,5,0.013168721492884037,Mitoxantrone
ind4a,Mito,5,0.03782663610105611,Mitoxantrone
ind4a,Mito,10,0,Mitoxantrone
ind4a,Mito,10,0,Mitoxantrone
ind4a,Mito,10,0,Mitoxantrone
ind4a,Mito,10,0.01648211165029352,Mitoxantrone
ind4a,Mito,50,0,Mitoxantrone
ind4a,Mito,50,0,Mitoxantrone
ind4a,Mito,50,0,Mitoxantrone
ind4a,Mito,50,0.02197805431395453,Mitoxantrone
ind4a,Tras,0.01,0.8548507129461493,Trastuzumab
ind4a,Tras,0.01,0.8926237338406541,Trastuzumab
ind4a,Tras,0.01,0.9362800150464246,Trastuzumab
ind4a,Tras,0.01,0.9776225025235235,Trastuzumab
ind4a,Tras,0.05,0.7651068215288491,Trastuzumab
ind4a,Tras,0.05,1.0453402273745356,Trastuzumab
ind4a,Tras,0.05,1.106174480531458,Trastuzumab
ind4a,Tras,0.05,1.1793026517269747,Trastuzumab
ind4a,Tras,0.1,0.6524965198434587,Trastuzumab
ind4a,Tras,0.1,0.7367241877445958,Trastuzumab
ind4a,Tras,0.1,0.7929398786541644,Trastuzumab
ind4a,Tras,0.1,0.8392115147217188,Trastuzumab
ind4a,Tras,0.5,0.4502051418714913,Trastuzumab
ind4a,Tras,0.5,0.9501011798952181,Trastuzumab
ind4a,Tras,0.5,0.9811462759648696,Trastuzumab
ind4a,Tras,0.5,1.0389608487982875,Trastuzumab
ind4a,Tras,1,0.9050091766343902,Trastuzumab
ind4a,Tras,1,0.98768115942029,Trastuzumab
ind4a,Tras,1,1.2003607366622366,Trastuzumab
ind4a,Tras,1,1.2321625213594076,Trastuzumab
ind4a,Tras,5,0.8875257770358356,Trastuzumab
ind4a,Tras,5,0.9225656150426145,Trastuzumab
ind4a,Tras,5,0.9723419601044285,Trastuzumab
ind4a,Tras,5,1.3283579562577668,Trastuzumab
ind4a,Tras,10,0.5650493830740074,Trastuzumab
ind4a,Tras,10,0.6785026134677276,Trastuzumab
ind4a,Tras,10,0.9427936559817175,Trastuzumab
ind4a,Tras,10,1.0835808857059261,Trastuzumab
ind4a,Veh,0.01,0.8415362507881782,Vehicle
ind4a,Veh,0.01,0.900054935687359,Vehicle
ind4a,Veh,0.01,1,Vehicle
ind4a,Veh,0.01,1.086300446792216,Vehicle
ind4a,Veh,0.05,0.7187652795629348,Vehicle
ind4a,Veh,0.05,1,Vehicle
ind4a,Veh,0.05,1.1257381767290975,Vehicle
ind4a,Veh,0.05,1.1986994621593847,Vehicle
ind4a,Veh,0.1,0.9867149948782602,Vehicle
ind4a,Veh,0.1,1,Vehicle
ind4a,Veh,0.1,1.07676306043653,Vehicle
ind4a,Veh,0.1,1.1156567646363564,Vehicle
ind4a,Veh,0.5,0.620623713287512,Vehicle
ind4a,Veh,0.5,1,Vehicle
ind4a,Veh,0.5,1.0199314143807237,Vehicle
ind4a,Veh,0.5,1.3474174966541816,Vehicle
ind4a,Veh,1,0.9844471868869058,Vehicle
ind4a,Veh,1,1,Vehicle
ind4a,Veh,1,1.3303588380482247,Vehicle
ind4a,Veh,1,1.385478767166635,Vehicle
ind4a,Veh,5,0.8942472766921417,Vehicle
ind4a,Veh,5,1,Vehicle
ind4a,Veh,5,1.0854527785020367,Vehicle
ind4a,Veh,5,1.1121626975392875,Vehicle
ind4a,Veh,10,0.8373534784293362,Vehicle
ind4a,Veh,10,1,Vehicle
ind4a,Veh,10,1.0803730286967455,Vehicle
ind4a,Veh,50,0.9386650737555137,Vehicle
ind4a,Veh,50,1,Vehicle
ind4a,Veh,50,1.0532310888391268,Vehicle
ind4a,Veh,50,1.2517868755498929,Vehicle
ind4b,Daun,0.01,0.9870204509508221,Daunorubicin
ind4b,Daun,0.01,0.7664784639717512,Daunorubicin
ind4b,Daun,0.01,0.9486059513738183,Daunorubicin
ind4b,Daun,0.01,0.6743066539154744,Daunorubicin
ind4b,Daun,0.05,0.5681878715921865,Daunorubicin
ind4b,Daun,0.05,0.8418286962841911,Daunorubicin
ind4b,Daun,0.05,0.43747771011182196,Daunorubicin
ind4b,Daun,0.05,0.6911151941421046,Daunorubicin
ind4b,Daun,0.1,0.724292240586566,Daunorubicin
ind4b,Daun,0.1,0.7990145215462765,Daunorubicin
ind4b,Daun,0.1,0.29800888110822066,Daunorubicin
ind4b,Daun,0.1,0.6044513727360796,Daunorubicin
ind4b,Daun,0.5,0.49633819124106376,Daunorubicin
ind4b,Daun,0.5,0.42739326999062727,Daunorubicin
ind4b,Daun,0.5,0.29469979600463125,Daunorubicin
ind4b,Daun,0.5,0.4605700843548417,Daunorubicin
ind4b,Daun,1,0.17262847109426074,Daunorubicin
ind4b,Daun,1,0.2273764633800326,Daunorubicin
ind4b,Daun,1,0.22397167611755556,Daunorubicin
ind4b,Daun,1,0.3098438650092315,Daunorubicin
ind4b,Daun,5,0.007690297351711287,Daunorubicin
ind4b,Daun,5,0.003799171441846024,Daunorubicin
ind4b,Daun,5,0.011131330339166762,Daunorubicin
ind4b,Daun,5,0,Daunorubicin
ind4b,Daun,10,0.011554250854298984,Daunorubicin
ind4b,Daun,10,0,Daunorubicin
ind4b,Daun,10,0,Daunorubicin
ind4b,Daun,10,0,Daunorubicin
ind4b,Daun,50,0,Daunorubicin
ind4b,Daun,50,0,Daunorubicin
ind4b,Daun,50,0,Daunorubicin
ind4b,Daun,50,0,Daunorubicin
ind4b,Doxo,0.01,0.985516975024828,Doxorubicin
ind4b,Doxo,0.01,0.6989967631588628,Doxorubicin
ind4b,Doxo,0.01,0.8903933865450401,Doxorubicin
ind4b,Doxo,0.01,0.38177713613123926,Doxorubicin
ind4b,Doxo,0.05,0.8764316315520986,Doxorubicin
ind4b,Doxo,0.05,0.8982362208989991,Doxorubicin
ind4b,Doxo,0.05,0.9812697223187804,Doxorubicin
ind4b,Doxo,0.05,0.4022382433536633,Doxorubicin
ind4b,Doxo,0.1,1.0735764901427565,Doxorubicin
ind4b,Doxo,0.1,0.7516879514932161,Doxorubicin
ind4b,Doxo,0.1,0.982921324003088,Doxorubicin
ind4b,Doxo,0.5,0.4039062356422179,Doxorubicin
ind4b,Doxo,0.5,0.23715380515685588,Doxorubicin
ind4b,Doxo,0.5,0.513085108338081,Doxorubicin
ind4b,Doxo,0.5,0.22903074632900233,Doxorubicin
ind4b,Doxo,1,0.23966330437071054,Doxorubicin
ind4b,Doxo,1,0.34011686479951636,Doxorubicin
ind4b,Doxo,1,0.2784852808743888,Doxorubicin
ind4b,Doxo,1,0.3383651264253434,Doxorubicin
ind4b,Doxo,5,0.1734116075576893,Doxorubicin
ind4b,Doxo,5,0.17397785349233388,Doxorubicin
ind4b,Doxo,5,0.26318336688864796,Doxorubicin
ind4b,Doxo,5,0.15527237881369063,Doxorubicin
ind4b,Doxo,10,0.12860124303373618,Doxorubicin
ind4b,Doxo,10,0.1734605417058459,Doxorubicin
ind4b,Doxo,10,0.08642065912895906,Doxorubicin
ind4b,Doxo,10,0.10582299383069976,Doxorubicin
ind4b,Doxo,50,0.006545427299195029,Doxorubicin
ind4b,Doxo,50,0.01833040760404175,Doxorubicin
ind4b,Doxo,50,0,Doxorubicin
ind4b,Doxo,50,0.02341475423873955,Doxorubicin
ind4b,Epi,0.01,0.8565904660315593,Epirubicin
ind4b,Epi,0.01,1.061794239894067,Epirubicin
ind4b,Epi,0.01,0.8711930334350978,Epirubicin
ind4b,Epi,0.01,0.8359923860668703,Epirubicin
ind4b,Epi,0.05,0.8735333817879765,Epirubicin
ind4b,Epi,0.05,0.8898935954097502,Epirubicin
ind4b,Epi,0.05,0.8316171059937792,Epirubicin
ind4b,Epi,0.05,0.7357265713524715,Epirubicin
ind4b,Epi,0.1,0.7933347430330507,Epirubicin
ind4b,Epi,0.1,0.8120558831195014,Epirubicin
ind4b,Epi,0.1,0.5829714830860622,Epirubicin
ind4b,Epi,0.1,0.6197941510575206,Epirubicin
ind4b,Epi,0.5,0.33148787973462224,Epirubicin
ind4b,Epi,0.5,0.2914882472938452,Epirubicin
ind4b,Epi,0.5,0.3568356826493669,Epirubicin
ind4b,Epi,0.5,0.29618381636741226,Epirubicin
ind4b,Epi,1,0.2722308347074473,Epirubicin
ind4b,Epi,1,0.30490939071578654,Epirubicin
ind4b,Epi,1,0.2461644742523243,Epirubicin
ind4b,Epi,1,0.22296833301122182,Epirubicin
ind4b,Epi,5,0.23044273656496825,Epirubicin
ind4b,Epi,5,0.21431198699086262,Epirubicin
ind4b,Epi,5,0.20124477311444944,Epirubicin
ind4b,Epi,5,0.1916863481492954,Epirubicin
ind4b,Epi,10,0.11657454762286996,Epirubicin
ind4b,Epi,10,0.09675939728917733,Epirubicin
ind4b,Epi,10,0.17874458179483063,Epirubicin
ind4b,Epi,10,0.0965805105153315,Epirubicin
ind4b,Epi,50,0,Epirubicin
ind4b,Epi,50,0,Epirubicin
ind4b,Epi,50,0.0031897585202945323,Epirubicin
ind4b,Epi,50,0,Epirubicin
ind4b,Mito,0.01,0.9870204509508221,Mitoxantrone
ind4b,Mito,0.01,0.7664784639717512,Mitoxantrone
ind4b,Mito,0.01,0.9486059513738183,Mitoxantrone
ind4b,Mito,0.01,0.6743066539154744,Mitoxantrone
ind4b,Mito,0.05,0.5681878715921865,Mitoxantrone
ind4b,Mito,0.05,0.8418286962841911,Mitoxantrone
ind4b,Mito,0.05,0.43747771011182196,Mitoxantrone
ind4b,Mito,0.05,0.6911151941421046,Mitoxantrone
ind4b,Mito,0.1,0.724292240586566,Mitoxantrone
ind4b,Mito,0.1,0.7990145215462765,Mitoxantrone
ind4b,Mito,0.1,0.29800888110822066,Mitoxantrone
ind4b,Mito,0.1,0.6044513727360796,Mitoxantrone
ind4b,Mito,0.5,0.49633819124106376,Mitoxantrone
ind4b,Mito,0.5,0.42739326999062727,Mitoxantrone
ind4b,Mito,0.5,0.29469979600463125,Mitoxantrone
ind4b,Mito,0.5,0.4605700843548417,Mitoxantrone
ind4b,Mito,1,0.17262847109426074,Mitoxantrone
ind4b,Mito,1,0.2273764633800326,Mitoxantrone
ind4b,Mito,1,0.22397167611755556,Mitoxantrone
ind4b,Mito,1,0.3098438650092315,Mitoxantrone
ind4b,Mito,5,0.007690297351711287,Mitoxantrone
ind4b,Mito,5,0.003799171441846024,Mitoxantrone
ind4b,Mito,5,0.011131330339166762,Mitoxantrone
ind4b,Mito,5,1.5003097413663117e-4,Mitoxantrone
ind4b,Mito,10,0.011554250854298984,Mitoxantrone
ind4b,Mito,10,0,Mitoxantrone
ind4b,Mito,10,0,Mitoxantrone
ind4b,Mito,10,0,Mitoxantrone
ind4b,Mito,50,0,Mitoxantrone
ind4b,Mito,50,0,Mitoxantrone
ind4b,Mito,50,0,Mitoxantrone
ind4b,Mito,50,0,Mitoxantrone
ind4b,Tras,0.01,0.8983843381027697,Trastuzumab
ind4b,Tras,0.01,1.138071504763306,Trastuzumab
ind4b,Tras,0.01,1.0897947548460662,Trastuzumab
ind4b,Tras,0.01,0.9080488836576307,Trastuzumab
ind4b,Tras,0.05,0.8038128687706817,Trastuzumab
ind4b,Tras,0.05,1.0731875781556839,Trastuzumab
ind4b,Tras,0.05,0.8449707240658563,Trastuzumab
ind4b,Tras,0.05,0.6783845643370819,Trastuzumab
ind4b,Tras,0.1,1.0258663506316599,Trastuzumab
ind4b,Tras,0.1,1.0675574001858834,Trastuzumab
ind4b,Tras,0.1,1.0184457568858092,Trastuzumab
ind4b,Tras,0.1,0.7551941697442378,Trastuzumab
ind4b,Tras,0.5,0.8251842390605187,Trastuzumab
ind4b,Tras,0.5,0.9262584308896771,Trastuzumab
ind4b,Tras,0.5,0.5854437358719424,Trastuzumab
ind4b,Tras,0.5,0.7138781173616601,Trastuzumab
ind4b,Tras,1,0.7894624301463482,Trastuzumab
ind4b,Tras,1,0.9351897922175114,Trastuzumab
ind4b,Tras,1,0.6582876551789363,Trastuzumab
ind4b,Tras,1,0.7250757647407139,Trastuzumab
ind4b,Tras,5,0.9591576970729441,Trastuzumab
ind4b,Tras,5,0.7957158897320737,Trastuzumab
ind4b,Tras,5,0.9262137989778536,Trastuzumab
ind4b,Tras,5,0.9427026870063498,Trastuzumab
ind4b,Tras,10,0.6711785886292229,Trastuzumab
ind4b,Tras,10,1.0288282916313098,Trastuzumab
ind4b,Tras,10,0.4160677017636402,Trastuzumab
ind4b,Tras,10,0.8056555741577416,Trastuzumab
ind4b,Veh,0.01,1.0208417626071284,Vehicle
ind4b,Veh,0.01,1.0262763453120978,Vehicle
ind4b,Veh,0.01,1,Vehicle
ind4b,Veh,0.01,0.9024809651671756,Vehicle
ind4b,Veh,0.05,1,Vehicle
ind4b,Veh,0.05,1.1002740245493492,Vehicle
ind4b,Veh,0.05,1.0644521991937268,Vehicle
ind4b,Veh,0.05,0.8514172983075486,Vehicle
ind4b,Veh,0.1,0.8038484802289614,Vehicle
ind4b,Veh,0.1,1,Vehicle
ind4b,Veh,0.1,0.8014585474519677,Vehicle
ind4b,Veh,0.5,1.0041488247293846,Vehicle
ind4b,Veh,0.5,1,Vehicle
ind4b,Veh,0.5,1.0422876886038264,Vehicle
ind4b,Veh,0.5,0.8038566151471157,Vehicle
ind4b,Veh,1,0.9553594558919677,Vehicle
ind4b,Veh,1,1.031510730425557,Vehicle
ind4b,Veh,1,1,Vehicle
ind4b,Veh,1,0.6956416255803147,Vehicle
ind4b,Veh,5,0.9094442078364566,Vehicle
ind4b,Veh,5,1.0562325770481649,Vehicle
ind4b,Veh,5,1,Vehicle
ind4b,Veh,5,0.9003358757937124,Vehicle
ind4b,Veh,10,0.9644152925257437,Vehicle
ind4b,Veh,10,1.0097149278719355,Vehicle
ind4b,Veh,10,1,Vehicle
ind4b,Veh,10,0.7494576061280188,Vehicle
ind4b,Veh,50,1.3936889878403835,Vehicle
ind4b,Veh,50,1.182843808871382,Vehicle
ind4b,Veh,50,1,Vehicle
ind4b,Veh,50,0.9160868727521837,Vehicle
ind5a,Daun,0.01,1.2936182296103518,Daunorubicin
ind5a,Daun,0.01,1.1086961618719373,Daunorubicin
ind5a,Daun,0.01,1.0688221456315992,Daunorubicin
ind5a,Daun,0.01,0.9622517643197112,Daunorubicin
ind5a,Daun,0.05,1.112040171265888,Daunorubicin
ind5a,Daun,0.05,0.9400419945153071,Daunorubicin
ind5a,Daun,0.05,0.9264672549884055,Daunorubicin
ind5a,Daun,0.05,0.8461446494354652,Daunorubicin
ind5a,Daun,0.1,0.8321664387989783,Daunorubicin
ind5a,Daun,0.1,0.7959365361991669,Daunorubicin
ind5a,Daun,0.1,0.6938730088073511,Daunorubicin
ind5a,Daun,0.1,0.6143969985056119,Daunorubicin
ind5a,Daun,0.5,0.9613659182435041,Daunorubicin
ind5a,Daun,0.5,0.8898571192144316,Daunorubicin
ind5a,Daun,0.5,0.7069255806255861,Daunorubicin
ind5a,Daun,0.5,0.5769360622276162,Daunorubicin
ind5a,Daun,1,0.5609899534427837,Daunorubicin
ind5a,Daun,1,0.413954380320254,Daunorubicin
ind5a,Daun,1,0.3620872974441473,Daunorubicin
ind5a,Daun,1,0.20117192077815538,Daunorubicin
ind5a,Daun,5,0.6935403693246516,Daunorubicin
ind5a,Daun,5,0.28313012559780787,Daunorubicin
ind5a,Daun,5,0.25289751620478634,Daunorubicin
ind5a,Daun,5,0.21479943286308636,Daunorubicin
ind5a,Daun,10,0.005952899148942557,Daunorubicin
ind5a,Daun,10,0,Daunorubicin
ind5a,Daun,10,0,Daunorubicin
ind5a,Daun,10,0,Daunorubicin
ind5a,Daun,50,0,Daunorubicin
ind5a,Daun,50,0,Daunorubicin
ind5a,Daun,50,0,Daunorubicin
ind5a,Daun,50,0,Daunorubicin
ind5a,Doxo,0.01,1.0738865052011286,Doxorubicin
ind5a,Doxo,0.01,1.0683688541886474,Doxorubicin
ind5a,Doxo,0.01,1.045829327956359,Doxorubicin
ind5a,Doxo,0.01,0.9618766265738201,Doxorubicin
ind5a,Doxo,0.05,1.148566379851637,Doxorubicin
ind5a,Doxo,0.05,1.0512742876571919,Doxorubicin
ind5a,Doxo,0.05,1.0027250323256338,Doxorubicin
ind5a,Doxo,0.05,0.7679155984523404,Doxorubicin
ind5a,Doxo,0.1,0.9690015155850901,Doxorubicin
ind5a,Doxo,0.1,0.754017360338304,Doxorubicin
ind5a,Doxo,0.1,0.6455947346666243,Doxorubicin
ind5a,Doxo,0.1,0.6037009951988808,Doxorubicin
ind5a,Doxo,0.5,0.9593402107353671,Doxorubicin
ind5a,Doxo,0.5,0.9190378992662879,Doxorubicin
ind5a,Doxo,0.5,0.7745286037402769,Doxorubicin
ind5a,Doxo,0.5,0.7214151399985719,Doxorubicin
ind5a,Doxo,0.5,0.7094676449495227,Doxorubicin
ind5a,Doxo,1,0.6544580931783557,Doxorubicin
ind5a,Doxo,1,0.5193490169381952,Doxorubicin
ind5a,Doxo,1,0.490065307948819,Doxorubicin
ind5a,Doxo,1,0.37281783024194837,Doxorubicin
ind5a,Doxo,5,0.5857549704065216,Doxorubicin
ind5a,Doxo,5,0.39094980740363444,Doxorubicin
ind5a,Doxo,5,0.38444095629666447,Doxorubicin
ind5a,Doxo,10,0.4720922204043648,Doxorubicin
ind5a,Doxo,10,0.46483946985275354,Doxorubicin
ind5a,Doxo,10,0.42222355642946124,Doxorubicin
ind5a,Doxo,10,0.3881752547918887,Doxorubicin
ind5a,Doxo,50,0.04106460754918471,Doxorubicin
ind5a,Doxo,50,0.028397749209348174,Doxorubicin
ind5a,Doxo,50,0.02635506085623145,Doxorubicin
ind5a,Doxo,50,0.021935625196807293,Doxorubicin
ind5a,Epi,0.01,1.3505453825493217,Epirubicin
ind5a,Epi,0.01,1.177346369370003,Epirubicin
ind5a,Epi,0.01,0.9797269309824701,Epirubicin
ind5a,Epi,0.01,0.8490852109759052,Epirubicin
ind5a,Epi,0.05,1.097808309611323,Epirubicin
ind5a,Epi,0.05,1.0757499422978127,Epirubicin
ind5a,Epi,0.05,1.0463702221968525,Epirubicin
ind5a,Epi,0.05,1.043977753014784,Epirubicin
ind5a,Epi,0.1,0.906355918730724,Epirubicin
ind5a,Epi,0.1,0.834939005648999,Epirubicin
ind5a,Epi,0.1,0.6976248767924709,Epirubicin
ind5a,Epi,0.1,0.5567581316969253,Epirubicin
ind5a,Epi,0.5,1.097128041043747,Epirubicin
ind5a,Epi,0.5,0.7510409885805703,Epirubicin
ind5a,Epi,0.5,0.7233033596292823,Epirubicin
ind5a,Epi,0.5,0.6157908092900094,Epirubicin
ind5a,Epi,1,0.5047292330311198,Epirubicin
ind5a,Epi,1,0.5008768098185654,Epirubicin
ind5a,Epi,1,0.3338503989857558,Epirubicin
ind5a,Epi,1,0.2003792761791121,Epirubicin
ind5a,Epi,5,0.5555811316781228,Epirubicin
ind5a,Epi,5,0.41611344697294345,Epirubicin
ind5a,Epi,5,0.3916550553791075,Epirubicin
ind5a,Epi,5,0.3318265187931444,Epirubicin
ind5a,Epi,10,0.6882878285276857,Epirubicin
ind5a,Epi,10,0.6766882307911682,Epirubicin
ind5a,Epi,10,0.45800699458145083,Epirubicin
ind5a,Epi,10,0.42809540248863004,Epirubicin
ind5a,Epi,50,0,Epirubicin
ind5a,Epi,50,0,Epirubicin
ind5a,Epi,50,0,Epirubicin
ind5a,Epi,50,0,Epirubicin
ind5a,Mito,0.01,1.1126507389432057,Mitoxantrone
ind5a,Mito,0.01,1.0865161426461278,Mitoxantrone
ind5a,Mito,0.01,1.013817573640321,Mitoxantrone
ind5a,Mito,0.01,0.9742874336670496,Mitoxantrone
ind5a,Mito,0.05,1.2842372515393454,Mitoxantrone
ind5a,Mito,0.05,1.0631075792133144,Mitoxantrone
ind5a,Mito,0.05,1.0090884047144548,Mitoxantrone
ind5a,Mito,0.05,0.8370490232819019,Mitoxantrone
ind5a,Mito,0.1,0.8152003645883015,Mitoxantrone
ind5a,Mito,0.1,0.7854313058408318,Mitoxantrone
ind5a,Mito,0.1,0.7601602492766526,Mitoxantrone
ind5a,Mito,0.1,0.6059012432037137,Mitoxantrone
ind5a,Mito,0.5,0.8525779224361449,Mitoxantrone
ind5a,Mito,0.5,0.8193677938986043,Mitoxantrone
ind5a,Mito,0.5,0.8129111270480498,Mitoxantrone
ind5a,Mito,0.5,0.7739681138632979,Mitoxantrone
ind5a,Mito,1,0.5665043733952675,Mitoxantrone
ind5a,Mito,1,0.4852071636321021,Mitoxantrone
ind5a,Mito,1,0.40520119748995875,Mitoxantrone
ind5a,Mito,1,0.33525670391954226,Mitoxantrone
ind5a,Mito,5,0.0435857941508496,Mitoxantrone
ind5a,Mito,5,0.03549993020983577,Mitoxantrone
ind5a,Mito,5,0.020209762297149377,Mitoxantrone
ind5a,Mito,5,0.013759681854802175,Mitoxantrone
ind5a,Mito,10,0,Mitoxantrone
ind5a,Mito,10,0,Mitoxantrone
ind5a,Mito,10,0,Mitoxantrone
ind5a,Mito,10,0,Mitoxantrone
ind5a,Mito,50,0,Mitoxantrone
ind5a,Mito,50,0,Mitoxantrone
ind5a,Mito,50,0,Mitoxantrone
ind5a,Mito,50,0,Mitoxantrone
ind5a,Tras,0.01,1.065164552609161,Trastuzumab
ind5a,Tras,0.01,1.0282134846388908,Trastuzumab
ind5a,Tras,0.01,0.9078203194402112,Trastuzumab
ind5a,Tras,0.01,0.8468031230217345,Trastuzumab
ind5a,Tras,0.05,1.0232000019854517,Trastuzumab
ind5a,Tras,0.05,0.9574021358495622,Trastuzumab
ind5a,Tras,0.05,0.9175044858797163,Trastuzumab
ind5a,Tras,0.05,0.7217091760127664,Trastuzumab
ind5a,Tras,0.1,0.9147711254544106,Trastuzumab
ind5a,Tras,0.1,0.9068264920034339,Trastuzumab
ind5a,Tras,0.1,0.855313556537683,Trastuzumab
ind5a,Tras,0.1,0.5508314521000922,Trastuzumab
ind5a,Tras,0.5,1.1702123903569261,Trastuzumab
ind5a,Tras,0.5,0.8780912451039885,Trastuzumab
ind5a,Tras,0.5,0.8426347437524134,Trastuzumab
ind5a,Tras,0.5,0.773058972803001,Trastuzumab
ind5a,Tras,1,0.8769781490044,Trastuzumab
ind5a,Tras,1,0.8676581826704878,Trastuzumab
ind5a,Tras,1,0.8079626689963031,Trastuzumab
ind5a,Tras,1,0.6993234820962466,Trastuzumab
ind5a,Tras,5,0.9836323699025631,Trastuzumab
ind5a,Tras,5,0.9023133602862131,Trastuzumab
ind5a,Tras,5,0.8706212793883932,Trastuzumab
ind5a,Tras,5,0.7821567364649934,Trastuzumab
ind5a,Tras,10,0.9368746528976479,Trastuzumab
ind5a,Tras,10,0.9349473905408041,Trastuzumab
ind5a,Tras,10,0.9246446422406676,Trastuzumab
ind5a,Tras,10,0.9208021253921318,Trastuzumab
ind5a,Veh,0.01,1.0694109034827892,Vehicle
ind5a,Veh,0.01,1.0680666598933464,Vehicle
ind5a,Veh,0.01,1,Vehicle
ind5a,Veh,0.01,0.9552804545419021,Vehicle
ind5a,Veh,0.05,1.000967907656646,Vehicle
ind5a,Veh,0.05,1,Vehicle
ind5a,Veh,0.05,0.9964013689688804,Vehicle
ind5a,Veh,0.05,0.6202873444832986,Vehicle
ind5a,Veh,0.1,1,Vehicle
ind5a,Veh,0.1,0.8996152745540682,Vehicle
ind5a,Veh,0.1,0.7984165845283139,Vehicle
ind5a,Veh,0.1,0.7840958952020604,Vehicle
ind5a,Veh,0.5,1,Vehicle
ind5a,Veh,0.5,0.8959916147183759,Vehicle
ind5a,Veh,0.5,0.8343597947812654,Vehicle
ind5a,Veh,0.5,0.807059083135654,Vehicle
ind5a,Veh,1,1,Vehicle
ind5a,Veh,1,0.9020359460064136,Vehicle
ind5a,Veh,1,0.8815422477440524,Vehicle
ind5a,Veh,1,0.7638984477376601,Vehicle
ind5a,Veh,5,1.1177225387947605,Vehicle
ind5a,Veh,5,1.0588294352873764,Vehicle
ind5a,Veh,5,1,Vehicle
ind5a,Veh,5,0.9987413282659959,Vehicle
ind5a,Veh,10,1.3267159989793313,Vehicle
ind5a,Veh,10,1.297632949581976,Vehicle
ind5a,Veh,10,1.221166864296114,Vehicle
ind5a,Veh,10,1,Vehicle
ind5a,Veh,50,1.0348461822811845,Vehicle
ind5a,Veh,50,1,Vehicle
ind5a,Veh,50,0.9710190167166386,Vehicle
ind5a,Veh,50,0.6263194644103997,Vehicle
ind5b,Daun,0.01,1.0863905792646817,Daunorubicin
ind5b,Daun,0.01,0.6754290483951927,Daunorubicin
ind5b,Daun,0.01,1.0556423459345445,Daunorubicin
ind5b,Daun,0.05,0.7836863452005408,Daunorubicin
ind5b,Daun,0.05,1.2450613090473726,Daunorubicin
ind5b,Daun,0.05,1.3782798490647261,Daunorubicin
ind5b,Daun,0.05,1.5546400489665242,Daunorubicin
ind5b,Daun,0.1,0.48099049631311463,Daunorubicin
ind5b,Daun,0.1,0.5330371329621598,Daunorubicin
ind5b,Daun,0.1,0.9592078415001427,Daunorubicin
ind5b,Daun,0.5,0.76462965449207,Daunorubicin
ind5b,Daun,0.5,0.5387273586943196,Daunorubicin
ind5b,Daun,0.5,0.7424713827905647,Daunorubicin
ind5b,Daun,1,0.249782429800309,Daunorubicin
ind5b,Daun,1,0.42760388607017896,Daunorubicin
ind5b,Daun,1,0.502838773081682,Daunorubicin
ind5b,Daun,1,0.1893008744249931,Daunorubicin
ind5b,Daun,5,0,Daunorubicin
ind5b,Daun,5,0,Daunorubicin
ind5b,Daun,5,0.04011592767627639,Daunorubicin
ind5b,Daun,5,0.04321801248115817,Daunorubicin
ind5b,Daun,10,0.01048001223517754,Daunorubicin
ind5b,Daun,10,0,Daunorubicin
ind5b,Daun,10,0,Daunorubicin
ind5b,Daun,10,0.0025417124878923253,Daunorubicin
ind5b,Daun,50,0,Daunorubicin
ind5b,Daun,50,0,Daunorubicin
ind5b,Daun,50,0,Daunorubicin
ind5b,Daun,50,0,Daunorubicin
ind5b,Doxo,0.01,1.0529352380844956,Doxorubicin
ind5b,Doxo,0.01,1.1778344265161216,Doxorubicin
ind5b,Doxo,0.01,1.610904004827676,Doxorubicin
ind5b,Doxo,0.01,1.4536210387398416,Doxorubicin
ind5b,Doxo,0.05,0.9781668493943083,Doxorubicin
ind5b,Doxo,0.05,1.1265999878928925,Doxorubicin
ind5b,Doxo,0.05,1.3574959811129126,Doxorubicin
ind5b,Doxo,0.05,1.6171127238974128,Doxorubicin
ind5b,Doxo,0.1,0.8630208178026928,Doxorubicin
ind5b,Doxo,0.1,0.7173686161081315,Doxorubicin
ind5b,Doxo,0.1,1.3314490673096173,Doxorubicin
ind5b,Doxo,0.1,0.7475537910381638,Doxorubicin
ind5b,Doxo,0.5,0.4760701172707266,Doxorubicin
ind5b,Doxo,0.5,0.784838278472737,Doxorubicin
ind5b,Doxo,0.5,1.0747403874778914,Doxorubicin
ind5b,Doxo,0.5,0.9970580166128665,Doxorubicin
ind5b,Doxo,1,0.3770920780766202,Doxorubicin
ind5b,Doxo,1,0.2571827767285731,Doxorubicin
ind5b,Doxo,1,1.4057047794400603,Doxorubicin
ind5b,Doxo,1,0.7080947954840123,Doxorubicin
ind5b,Doxo,5,0.41820617941118643,Doxorubicin
ind5b,Doxo,5,0.45382918144283363,Doxorubicin
ind5b,Doxo,5,0.7560858389100469,Doxorubicin
ind5b,Doxo,5,0.522555651838313,Doxorubicin
ind5b,Doxo,10,0.4540051999504766,Doxorubicin
ind5b,Doxo,10,0.4931577682453444,Doxorubicin
ind5b,Doxo,10,0.4389442789620492,Doxorubicin
ind5b,Doxo,10,0.6604009933798951,Doxorubicin
ind5b,Doxo,50,0.008908107516984605,Doxorubicin
ind5b,Doxo,50,0.0038229678806905613,Doxorubicin
ind5b,Doxo,50,0.007659605491586313,Doxorubicin
ind5b,Doxo,50,0.010748964517936997,Doxorubicin
ind5b,Epi,0.01,0.9870058823197658,Epirubicin
ind5b,Epi,0.01,1.0917145580364445,Epirubicin
ind5b,Epi,0.01,0.9187303664183272,Epirubicin
ind5b,Epi,0.01,1.1658893131277814,Epirubicin
ind5b,Epi,0.05,1.1533566955667809,Epirubicin
ind5b,Epi,0.05,1.0577912600135868,Epirubicin
ind5b,Epi,0.05,0.7900762075158234,Epirubicin
ind5b,Epi,0.05,1.6523444068526232,Epirubicin
ind5b,Epi,0.1,0.6874305114781193,Epirubicin
ind5b,Epi,0.1,0.7071194584900596,Epirubicin
ind5b,Epi,0.1,0.9502621927063144,Epirubicin
ind5b,Epi,0.1,0.91184702088596,Epirubicin
ind5b,Epi,0.5,0.6364782590930051,Epirubicin
ind5b,Epi,0.5,0.6145184545247587,Epirubicin
ind5b,Epi,0.5,0.802711995003298,Epirubicin
ind5b,Epi,0.5,0.7746230583785235,Epirubicin
ind5b,Epi,1,0.46170468471561943,Epirubicin
ind5b,Epi,1,0.32964697385013414,Epirubicin
ind5b,Epi,1,0.547927606846209,Epirubicin
ind5b,Epi,1,0.6793932899574333,Epirubicin
ind5b,Epi,5,0.3648153676989958,Epirubicin
ind5b,Epi,5,0.27133047397816895,Epirubicin
ind5b,Epi,5,0.3223619535852382,Epirubicin
ind5b,Epi,5,1.0445360344287724,Epirubicin
ind5b,Epi,10,0.19435725262000303,Epirubicin
ind5b,Epi,10,0.21690493703981525,Epirubicin
ind5b,Epi,10,0.46217655069951713,Epirubicin
ind5b,Epi,10,0.40748239372510187,Epirubicin
ind5b,Epi,50,0,Epirubicin
ind5b,Epi,50,0.006128595708616063,Epirubicin
ind5b,Epi,50,0.00790566063527796,Epirubicin
ind5b,Epi,50,0,Epirubicin
ind5b,Mito,0.01,0.8086864323138441,Mitoxantrone
ind5b,Mito,0.01,1.0307369537140956,Mitoxantrone
ind5b,Tras,0.01,1.1964796318333326,Trastuzumab
ind5b,Mito,0.01,1.332173412817028,Mitoxantrone
ind5b,Mito,0.05,0.7823142063454696,Mitoxantrone
ind5b,Mito,0.05,0.934783047358969,Mitoxantrone
ind5b,Mito,0.05,1.1814451850705912,Mitoxantrone
ind5b,Mito,0.05,1.471181720958076,Mitoxantrone
ind5b,Mito,0.1,0.6512645313544989,Mitoxantrone
ind5b,Mito,0.1,1.0044472654003604,Mitoxantrone
ind5b,Mito,0.1,1.1891876924911928,Mitoxantrone
ind5b,Mito,0.1,0.9041537629232677,Mitoxantrone
ind5b,Mito,0.5,0.5268193306987794,Mitoxantrone
ind5b,Mito,0.5,0.9066504001447642,Mitoxantrone
ind5b,Mito,0.5,1.0955093892465837,Mitoxantrone
ind5b,Mito,0.5,1.18467950476613,Mitoxantrone
ind5b,Mito,1,0.08497374356909856,Mitoxantrone
ind5b,Mito,1,0.5579447164483071,Mitoxantrone
ind5b,Mito,1,0.5545701582490188,Mitoxantrone
ind5b,Mito,1,0.4748950630805573,Mitoxantrone
ind5b,Mito,5,0.003094802915668388,Mitoxantrone
ind5b,Mito,5,0,Mitoxantrone
ind5b,Mito,5,0.04282479046363794,Mitoxantrone
ind5b,Mito,5,0.006211451498976948,Mitoxantrone
ind5b,Mito,10,3.4229365882784614e-4,Mitoxantrone
ind5b,Mito,10,0,Mitoxantrone
ind5b,Mito,10,0,Mitoxantrone
ind5b,Mito,10,0,Mitoxantrone
ind5b,Mito,50,0,Mitoxantrone
ind5b,Mito,50,0,Mitoxantrone
ind5b,Mito,50,0.04959833776080709,Mitoxantrone
ind5b,Mito,50,0,Mitoxantrone
ind5b,Tras,0.01,0.8270496472300083,Trastuzumab
ind5b,Tras,0.01,0.8555870758159393,Trastuzumab
ind5b,Mito,0.01,0.8293281296704661,Mitoxantrone
ind5b,Tras,0.01,1.08951503290828,Trastuzumab
ind5b,Tras,0.05,0.9801443436266168,Trastuzumab
ind5b,Tras,0.05,1.0660240931440141,Trastuzumab
ind5b,Tras,0.05,1.0663200446617747,Trastuzumab
ind5b,Tras,0.05,1.1657597546292873,Trastuzumab
ind5b,Tras,0.1,0.5625748133128292,Trastuzumab
ind5b,Tras,0.1,0.6498587865440402,Trastuzumab
ind5b,Tras,0.1,0.4514528159624453,Trastuzumab
ind5b,Tras,0.1,0.872511725189669,Trastuzumab
ind5b,Tras,0.5,0.841961789239579,Trastuzumab
ind5b,Tras,0.5,1.2282488777851068,Trastuzumab
ind5b,Tras,0.5,1.213503937237688,Trastuzumab
ind5b,Tras,1,0.7507799965662391,Trastuzumab
ind5b,Tras,1,0.8594526111384102,Trastuzumab
ind5b,Tras,1,1.1681358822101582,Trastuzumab
ind5b,Tras,1,1.2621262084766536,Trastuzumab
ind5b,Tras,5,0.8431917976799901,Trastuzumab
ind5b,Tras,5,1.1352829378053844,Trastuzumab
ind5b,Tras,5,1.4287139455460325,Trastuzumab
ind5b,Tras,10,0.758835910246233,Trastuzumab
ind5b,Tras,10,1.2718976906102295,Trastuzumab
ind5b,Tras,10,1.372488329242803,Trastuzumab
ind5b,Veh,0.01,1.0268342065636085,Vehicle
ind5b,Veh,0.01,1,Vehicle
ind5b,Veh,0.01,0.953347508050826,Vehicle
ind5b,Veh,0.01,1.1982054130877386,Vehicle
ind5b,Veh,0.05,0.9247745051219791,Vehicle
ind5b,Veh,0.05,1,Vehicle
ind5b,Veh,0.05,1.1518365809528295,Vehicle
ind5b,Veh,0.05,0.8120304291969626,Vehicle
ind5b,Veh,0.1,0.9863003778471657,Vehicle
ind5b,Veh,0.1,1.1748490954245137,Vehicle
ind5b,Veh,0.1,1,Vehicle
ind5b,Veh,0.1,1.0499678382626698,Vehicle
ind5b,Veh,0.5,0.7461021638754793,Vehicle
ind5b,Veh,0.5,1.6830654999912442,Vehicle
ind5b,Veh,0.5,1,Vehicle
ind5b,Veh,1,1,Vehicle
ind5b,Veh,1,0.9307090716412786,Vehicle
ind5b,Veh,1,1.4227907004280362,Vehicle
ind5b,Veh,1,1.4119210708598022,Vehicle
ind5b,Veh,5,1,Vehicle
ind5b,Veh,5,1.109883708229263,Vehicle
ind5b,Veh,5,0.9826691036722568,Vehicle
ind5b,Veh,5,1.0924654292309597,Vehicle
ind5b,Veh,10,1,Vehicle
ind5b,Veh,10,0.9772775273288714,Vehicle
ind5b,Veh,10,0.9528508692074081,Vehicle
ind5b,Veh,10,1.6327043383900548,Vehicle
ind5b,Veh,50,0.6067765409203373,Vehicle
ind5b,Veh,50,1.0706178262395027,Vehicle
ind5b,Veh,50,1,Vehicle
ind5b,Veh,50,1.0702350737937603,Vehicle
ind6a,Daun,0.01,0.7393281782286396,Daunorubicin
ind6a,Daun,0.01,0.7956553215870379,Daunorubicin
ind6a,Daun,0.01,0.9814922562392016,Daunorubicin
ind6a,Daun,0.01,1.0240529604839461,Daunorubicin
ind6a,Daun,0.05,0.6950661306719371,Daunorubicin
ind6a,Daun,0.05,0.7912200760644639,Daunorubicin
ind6a,Daun,0.05,1.0912205921056028,Daunorubicin
ind6a,Daun,0.05,1.1910152077323604,Daunorubicin
ind6a,Daun,0.1,0.5705384728367162,Daunorubicin
ind6a,Daun,0.1,0.7152100474387948,Daunorubicin
ind6a,Daun,0.1,0.8765689460135694,Daunorubicin
ind6a,Daun,0.1,0.8942792575738445,Daunorubicin
ind6a,Daun,0.5,0.42877808032675296,Daunorubicin
ind6a,Daun,0.5,0.8648714048672567,Daunorubicin
ind6a,Daun,0.5,0.9088585985364194,Daunorubicin
ind6a,Daun,1,0.4536623152334028,Daunorubicin
ind6a,Daun,1,0.5026845126225428,Daunorubicin
ind6a,Daun,1,0.6197897089449892,Daunorubicin
ind6a,Daun,1,0.620310357088434,Daunorubicin
ind6a,Daun,5,0.04728925217103477,Daunorubicin
ind6a,Daun,5,0.112109983771831,Daunorubicin
ind6a,Daun,5,0.12848756223479812,Daunorubicin
ind6a,Daun,5,0.134574274904263,Daunorubicin
ind6a,Daun,10,0,Daunorubicin
ind6a,Daun,10,0.009814054720187615,Daunorubicin
ind6a,Daun,10,0.024207173452857732,Daunorubicin
ind6a,Daun,10,0.0435495572494807,Daunorubicin
ind6a,Daun,50,0,Daunorubicin
ind6a,Daun,50,0,Daunorubicin
ind6a,Daun,50,0,Daunorubicin
ind6a,Daun,50,0.026577291011331817,Daunorubicin
ind6a,Doxo,0.01,0.5323852204540104,Doxorubicin
ind6a,Doxo,0.01,0.6041776778933061,Doxorubicin
ind6a,Doxo,0.01,0.7520530848460352,Doxorubicin
ind6a,Doxo,0.05,0.7545140698616494,Doxorubicin
ind6a,Doxo,0.05,1.009776399374558,Doxorubicin
ind6a,Doxo,0.05,1.1162847102170987,Doxorubicin
ind6a,Doxo,0.05,1.1923311126362994,Doxorubicin
ind6a,Doxo,0.1,0.6677094096820493,Doxorubicin
ind6a,Doxo,0.1,0.756258390688494,Doxorubicin
ind6a,Doxo,0.1,1.2003844578036948,Doxorubicin
ind6a,Doxo,0.1,1.2218311220138167,Doxorubicin
ind6a,Doxo,0.5,0.6883083730428863,Doxorubicin
ind6a,Doxo,0.5,0.7590596281484002,Doxorubicin
ind6a,Doxo,0.5,0.8041796077263444,Doxorubicin
ind6a,Doxo,0.5,0.857290248468346,Doxorubicin
ind6a,Doxo,1,0.4585665667699498,Doxorubicin
ind6a,Doxo,1,0.6082719561131711,Doxorubicin
ind6a,Doxo,1,0.6768883019251284,Doxorubicin
ind6a,Doxo,1,0.7644790978818511,Doxorubicin
ind6a,Doxo,5,0.17961319032929848,Doxorubicin
ind6a,Doxo,5,0.3268849730833061,Doxorubicin
ind6a,Doxo,5,0.3895565066682603,Doxorubicin
ind6a,Doxo,5,0.3901886237317433,Doxorubicin
ind6a,Doxo,10,0.19099889685055801,Doxorubicin
ind6a,Doxo,10,0.3288776696713409,Doxorubicin
ind6a,Doxo,10,0.3489057950129694,Doxorubicin
ind6a,Doxo,10,0.3925845499448425,Doxorubicin
ind6a,Doxo,50,0.012847260026071191,Doxorubicin
ind6a,Doxo,50,0.014262636130638311,Doxorubicin
ind6a,Doxo,50,0.022684271081306127,Doxorubicin
ind6a,Doxo,50,0.048699531248620656,Doxorubicin
ind6a,Epi,0.01,0.5752501676667451,Epirubicin
ind6a,Epi,0.01,0.6384749654673126,Epirubicin
ind6a,Epi,0.01,0.970019853519225,Epirubicin
ind6a,Epi,0.01,0.9842526504670239,Epirubicin
ind6a,Epi,0.05,0.8708323227527699,Epirubicin
ind6a,Epi,0.05,0.9020811939127787,Epirubicin
ind6a,Epi,0.05,0.9909021947229635,Epirubicin
ind6a,Epi,0.05,1.130638394492809,Epirubicin
ind6a,Epi,0.1,0.8172665874731693,Epirubicin
ind6a,Epi,0.1,0.8791045122256036,Epirubicin
ind6a,Epi,0.1,0.9135047245535058,Epirubicin
ind6a,Epi,0.1,0.990924528253268,Epirubicin
ind6a,Epi,0.5,0.6220164652825051,Epirubicin
ind6a,Epi,0.5,0.6656287227705923,Epirubicin
ind6a,Epi,0.5,0.78641933287951,Epirubicin
ind6a,Epi,0.5,0.8198790631381893,Epirubicin
ind6a,Epi,1,0.42617971250063497,Epirubicin
ind6a,Epi,1,0.5026972113577489,Epirubicin
ind6a,Epi,1,0.5771397368822065,Epirubicin
ind6a,Epi,1,0.642693147762483,Epirubicin
ind6a,Epi,5,0.25916339881299905,Epirubicin
ind6a,Epi,5,0.2771683913884968,Epirubicin
ind6a,Epi,5,0.30519071546457155,Epirubicin
ind6a,Epi,5,0.39021620702178617,Epirubicin
ind6a,Epi,10,0.13975462378628714,Epirubicin
ind6a,Epi,10,0.2318228799157233,Epirubicin
ind6a,Epi,10,0.2520944931972451,Epirubicin
ind6a,Epi,10,0.3192549269039266,Epirubicin
ind6a,Epi,50,0,Epirubicin
ind6a,Epi,50,0,Epirubicin
ind6a,Epi,50,0.02547088474248102,Epirubicin
ind6a,Epi,50,0.029013738858694835,Epirubicin
ind6a,Mito,0.01,0.7306405980039884,Mitoxantrone
ind6a,Mito,0.01,0.942371496209177,Mitoxantrone
ind6a,Mito,0.01,0.9601064184162488,Mitoxantrone
ind6a,Mito,0.01,0.9715388476075844,Mitoxantrone
ind6a,Mito,0.05,0.8893711006641449,Mitoxantrone
ind6a,Mito,0.05,0.9436560482601672,Mitoxantrone
ind6a,Mito,0.05,1.0490213279802665,Mitoxantrone
ind6a,Mito,0.05,1.0724599165045436,Mitoxantrone
ind6a,Mito,0.1,0.9867784652094034,Mitoxantrone
ind6a,Mito,0.1,1.1257398622445431,Mitoxantrone
ind6a,Mito,0.1,1.128896436034931,Mitoxantrone
ind6a,Mito,0.1,1.1631549246416324,Mitoxantrone
ind6a,Mito,0.5,0.8038206262763785,Mitoxantrone
ind6a,Mito,0.5,0.9284111215112322,Mitoxantrone
ind6a,Mito,0.5,0.9979179075901974,Mitoxantrone
ind6a,Mito,0.5,1.1801209368618109,Mitoxantrone
ind6a,Mito,1,0.3066185807893534,Mitoxantrone
ind6a,Mito,1,0.6768883019251284,Mitoxantrone
ind6a,Mito,1,0.8388530502361965,Mitoxantrone
ind6a,Mito,1,0.966343272210088,Mitoxantrone
ind6a,Mito,5,0,Mitoxantrone
ind6a,Mito,5,0.001498692092330483,Mitoxantrone
ind6a,Mito,5,0.017844090050247542,Mitoxantrone
ind6a,Mito,5,0.030111758296823766,Mitoxantrone
ind6a,Mito,10,0,Mitoxantrone
ind6a,Mito,10,0,Mitoxantrone
ind6a,Mito,10,0.015188181393546059,Mitoxantrone
ind6a,Mito,10,0.034441120640820486,Mitoxantrone
ind6a,Mito,50,0,Mitoxantrone
ind6a,Mito,50,0,Mitoxantrone
ind6a,Mito,50,0.013768284393492192,Mitoxantrone
ind6a,Mito,50,0.047551929001674306,Mitoxantrone
ind6a,Tras,0.01,0.7319064264109544,Trastuzumab
ind6a,Tras,0.01,0.8955513904125711,Trastuzumab
ind6a,Tras,0.01,0.9319117562147733,Trastuzumab
ind6a,Tras,0.05,0.864415351191797,Trastuzumab
ind6a,Tras,0.05,0.8713561045086515,Trastuzumab
ind6a,Tras,0.05,1.009884768013706,Trastuzumab
ind6a,Tras,0.05,1.0864549521887885,Trastuzumab
ind6a,Tras,0.1,0.6003777581368742,Trastuzumab
ind6a,Tras,0.1,0.7341031078723663,Trastuzumab
ind6a,Tras,0.1,1.0592920513606765,Trastuzumab
ind6a,Tras,0.1,1.1965527637414033,Trastuzumab
ind6a,Tras,0.5,0.6262923332198774,Trastuzumab
ind6a,Tras,0.5,0.9370266763104153,Trastuzumab
ind6a,Tras,0.5,1.0884104833219879,Trastuzumab
ind6a,Tras,0.5,1.0997410015316542,Trastuzumab
ind6a,Tras,1,0.8590592776959415,Trastuzumab
ind6a,Tras,1,0.8858180525219688,Trastuzumab
ind6a,Tras,1,1.0009803423579013,Trastuzumab
ind6a,Tras,1,1.011375526997511,Trastuzumab
ind6a,Tras,5,0.7385058131783764,Trastuzumab
ind6a,Tras,5,0.8857086377072769,Trastuzumab
ind6a,Tras,5,0.9263411225479603,Trastuzumab
ind6a,Tras,5,1.0425610165361823,Trastuzumab
ind6a,Tras,10,0.34099740610806883,Trastuzumab
ind6a,Tras,10,0.6318487194522017,Trastuzumab
ind6a,Tras,10,0.7949930928931337,Trastuzumab
ind6a,Tras,10,0.9206875304359924,Trastuzumab
ind6a,Veh,0.01,0.9756183682805607,Vehicle
ind6a,Veh,0.01,1,Vehicle
ind6a,Veh,0.01,1.0077948380850015,Vehicle
ind6a,Veh,0.01,1.022800456586527,Vehicle
ind6a,Veh,0.05,0.9287914832570454,Vehicle
ind6a,Veh,0.05,1.1253128499403973,Vehicle
ind6a,Veh,0.05,1.134506122828112,Vehicle
ind6a,Veh,0.05,1.3673464648601787,Vehicle
ind6a,Veh,0.1,0.6895090947977087,Vehicle
ind6a,Veh,0.1,0.7017694850790689,Vehicle
ind6a,Veh,0.1,0.8877161608847683,Vehicle
ind6a,Veh,0.1,0.9986781042004335,Vehicle
ind6a,Veh,0.5,0.7820796460176993,Vehicle
ind6a,Veh,0.5,1,Vehicle
ind6a,Veh,0.5,1.0319493490469707,Vehicle
ind6a,Veh,0.5,1.215601599727706,Vehicle
ind6a,Veh,1,0.9996952303550566,Vehicle
ind6a,Veh,1,1,Vehicle
ind6a,Veh,1,1.3096231015390867,Vehicle
ind6a,Veh,5,0.8335026640860965,Vehicle
ind6a,Veh,5,1,Vehicle
ind6a,Veh,5,1.0191451018972706,Vehicle
ind6a,Veh,5,1.0254754669621142,Vehicle
ind6a,Veh,10,0.875980163186611,Vehicle
ind6a,Veh,10,1.1188742906550322,Vehicle
ind6a,Veh,10,1.1549502588922789,Vehicle
ind6a,Veh,10,1.1894907623657087,Vehicle
ind6a,Veh,50,0.9698710271628624,Vehicle
ind6a,Veh,50,1.1843372891280872,Vehicle
ind6a,Veh,50,1.2669646509082244,Vehicle
ind6a,Veh,50,1.3559656190137097,Vehicle
ind6b,Daun,0.01,1.5319849278877387,Daunorubicin
ind6b,Daun,0.01,0.6008272337476721,Daunorubicin
ind6b,Daun,0.01,0.5945038763047339,Daunorubicin
ind6b,Daun,0.01,0.8977362957829846,Daunorubicin
ind6b,Daun,0.05,1.1109112709832134,Daunorubicin
ind6b,Daun,0.05,0.6916966426858513,Daunorubicin
ind6b,Daun,0.05,0.6062364394198926,Daunorubicin
ind6b,Daun,0.05,0.709225476761448,Daunorubicin
ind6b,Daun,0.1,1.2110601795629559,Daunorubicin
ind6b,Daun,0.1,0.4682044406382277,Daunorubicin
ind6b,Daun,0.1,0.645703615827934,Daunorubicin
ind6b,Daun,0.1,0.6287721909067298,Daunorubicin
ind6b,Daun,0.5,1.111273069237099,Daunorubicin
ind6b,Daun,0.5,0.39818972610791115,Daunorubicin
ind6b,Daun,0.5,0.3909956506406489,Daunorubicin
ind6b,Daun,1,0.5765210883534483,Daunorubicin
ind6b,Daun,1,0.5843147037823981,Daunorubicin
ind6b,Daun,1,0.3130607575118926,Daunorubicin
ind6b,Daun,5,0.03880365594907785,Daunorubicin
ind6b,Daun,5,0.006079647462053207,Daunorubicin
ind6b,Daun,5,0.029153745715684673,Daunorubicin
ind6b,Daun,5,0.024270986344594913,Daunorubicin
ind6b,Daun,10,0.005087003916185554,Daunorubicin
ind6b,Daun,10,0.006722112317816626,Daunorubicin
ind6b,Daun,10,0,Daunorubicin
ind6b,Daun,10,0,Daunorubicin
ind6b,Daun,50,0,Daunorubicin
ind6b,Daun,50,0,Daunorubicin
ind6b,Daun,50,0,Daunorubicin
ind6b,Daun,50,0,Daunorubicin
ind6b,Doxo,0.01,0.7637186539044567,Doxorubicin
ind6b,Doxo,0.01,0.6898450921795372,Doxorubicin
ind6b,Doxo,0.01,1.0979182005861376,Doxorubicin
ind6b,Doxo,0.01,0.6441090273867787,Doxorubicin
ind6b,Doxo,0.05,0.7681997259335389,Doxorubicin
ind6b,Doxo,0.05,1.7409215484755054,Doxorubicin
ind6b,Doxo,0.05,0.886026892771497,Doxorubicin
ind6b,Doxo,0.05,0.6723977960488752,Doxorubicin
ind6b,Doxo,0.1,2.106993689323796,Doxorubicin
ind6b,Doxo,0.1,0.8155513593575606,Doxorubicin
ind6b,Doxo,0.1,0.7350639140231789,Doxorubicin
ind6b,Doxo,0.1,0.7201681911032802,Doxorubicin
ind6b,Doxo,0.5,0.7121194310567768,Doxorubicin
ind6b,Doxo,0.5,0.7615375573057482,Doxorubicin
ind6b,Doxo,0.5,0.6499353473609968,Doxorubicin
ind6b,Doxo,0.5,0.6920810313075506,Doxorubicin
ind6b,Doxo,1,0.7379676384312984,Doxorubicin
ind6b,Doxo,1,0.5137850648177619,Doxorubicin
ind6b,Doxo,1,0.3918227253567773,Doxorubicin
ind6b,Doxo,1,0.45112646130289297,Doxorubicin
ind6b,Doxo,5,0.2535090582666884,Doxorubicin
ind6b,Doxo,5,0.1765749959196997,Doxorubicin
ind6b,Doxo,5,0.19281459115390892,Doxorubicin
ind6b,Doxo,5,0.1967860834557423,Doxorubicin
ind6b,Doxo,10,0.23069159029431952,Doxorubicin
ind6b,Doxo,10,0.31038798498122655,Doxorubicin
ind6b,Doxo,10,0.10908124402815342,Doxorubicin
ind6b,Doxo,10,0.22826247863592927,Doxorubicin
ind6b,Doxo,50,0,Doxorubicin
ind6b,Doxo,50,0.023557068344883317,Doxorubicin
ind6b,Doxo,50,0.025295687734162648,Doxorubicin
ind6b,Doxo,50,0.041718702810359824,Doxorubicin
ind6b,Epi,0.01,1.6057863051669625,Epirubicin
ind6b,Epi,0.01,0.816644289488501,Epirubicin
ind6b,Epi,0.01,0.9082607879654092,Epirubicin
ind6b,Epi,0.01,0.9519612513895506,Epirubicin
ind6b,Epi,0.05,0.966555327166838,Epirubicin
ind6b,Epi,0.05,1.4856543336759165,Epirubicin
ind6b,Epi,0.05,0.6509720794792737,Epirubicin
ind6b,Epi,0.05,0.8002669293136918,Epirubicin
ind6b,Epi,0.1,1.125434341590796,Epirubicin
ind6b,Epi,0.1,0.7005271766217175,Epirubicin
ind6b,Epi,0.1,1.2892241167510197,Epirubicin
ind6b,Epi,0.1,1.068820766968278,Epirubicin
ind6b,Epi,0.5,0.3957211708005172,Epirubicin
ind6b,Epi,0.5,0.7304572704831316,Epirubicin
ind6b,Epi,0.5,0.5886211355354414,Epirubicin
ind6b,Epi,0.5,0.583558637984405,Epirubicin
ind6b,Epi,1,0.4898622783851904,Epirubicin
ind6b,Epi,1,0.4049325155485209,Epirubicin
ind6b,Epi,1,0.2696023191597347,Epirubicin
ind6b,Epi,1,0.36334936214505065,Epirubicin
ind6b,Epi,5,0.28219356944671126,Epirubicin
ind6b,Epi,5,0.14050514117839072,Epirubicin
ind6b,Epi,5,0.21786763505794027,Epirubicin
ind6b,Epi,5,0.15451417224307704,Epirubicin
ind6b,Epi,10,0.1931042835802818,Epirubicin
ind6b,Epi,10,0.359077879607574,Epirubicin
ind6b,Epi,10,0.42621825669183255,Epirubicin
ind6b,Epi,10,0.1512172473656587,Epirubicin
ind6b,Epi,50,0,Epirubicin
ind6b,Epi,50,0,Epirubicin
ind6b,Epi,50,0.0166270783847981,Epirubicin
ind6b,Epi,50,0.004840381680012348,Epirubicin
ind6b,Mito,0.01,0.7148209103902291,Mitoxantrone
ind6b,Mito,0.01,0.901143401619819,Mitoxantrone
ind6b,Mito,0.01,0.9080731084066005,Mitoxantrone
ind6b,Mito,0.01,0.6846911227568683,Mitoxantrone
ind6b,Mito,0.05,1.3984241178485783,Mitoxantrone
ind6b,Mito,0.05,1.2512418636519356,Mitoxantrone
ind6b,Mito,0.05,0.9320400822199383,Mitoxantrone
ind6b,Mito,0.05,0.7564162955350006,Mitoxantrone
ind6b,Mito,0.1,0.7699586541903873,Mitoxantrone
ind6b,Mito,0.1,0.7994201759127316,Mitoxantrone
ind6b,Mito,0.1,0.8066644671725504,Mitoxantrone
ind6b,Mito,0.1,0.6279579101062075,Mitoxantrone
ind6b,Mito,0.5,0.9081462325143999,Mitoxantrone
ind6b,Mito,0.5,0.8728811566944868,Mitoxantrone
ind6b,Mito,0.5,1.0117706986403354,Mitoxantrone
ind6b,Mito,0.5,0.6140276634928098,Mitoxantrone
ind6b,Mito,1,0.301963887861401,Mitoxantrone
ind6b,Mito,1,0.40137119459092124,Mitoxantrone
ind6b,Mito,1,0.701313559686535,Mitoxantrone
ind6b,Mito,1,0.7491075192044663,Mitoxantrone
ind6b,Mito,5,0.0058348294434470375,Mitoxantrone
ind6b,Mito,5,0,Mitoxantrone
ind6b,Mito,5,0.028868124693977478,Mitoxantrone
ind6b,Mito,5,0.011907676404983357,Mitoxantrone
ind6b,Mito,10,0.011385199240986717,Mitoxantrone
ind6b,Mito,10,0.010093261738463402,Mitoxantrone
ind6b,Mito,10,0,Mitoxantrone
ind6b,Mito,10,0,Mitoxantrone
ind6b,Mito,50,0,Mitoxantrone
ind6b,Mito,50,0,Mitoxantrone
ind6b,Mito,50,0.002767098464627666,Mitoxantrone
ind6b,Mito,50,0,Mitoxantrone
ind6b,Tras,0.01,0.9028108623153883,Trastuzumab
ind6b,Tras,0.01,0.9402962449651349,Trastuzumab
ind6b,Tras,0.01,0.5208324310277621,Trastuzumab
ind6b,Tras,0.01,0.8032324194782507,Trastuzumab
ind6b,Tras,0.05,1.0094210346008907,Trastuzumab
ind6b,Tras,0.05,1.210688591983556,Trastuzumab
ind6b,Tras,0.05,0.8792608770126755,Trastuzumab
ind6b,Tras,0.05,0.8703251684366792,Trastuzumab
ind6b,Tras,0.1,1.0606147820043943,Trastuzumab
ind6b,Tras,0.1,1.1852839804291821,Trastuzumab
ind6b,Tras,0.1,0.6787521848698204,Trastuzumab
ind6b,Tras,0.1,0.5947408691745579,Trastuzumab
ind6b,Tras,0.5,1.5027154108381333,Trastuzumab
ind6b,Tras,0.5,0.713788644645586,Trastuzumab
ind6b,Tras,0.5,0.7746483288272402,Trastuzumab
ind6b,Tras,0.5,0.8696759531366325,Trastuzumab
ind6b,Tras,1,1.1865392390472176,Trastuzumab
ind6b,Tras,1,0.9510017290471316,Trastuzumab
ind6b,Tras,1,1.0996653734655781,Trastuzumab
ind6b,Tras,1,1.2819121024696987,Trastuzumab
ind6b,Tras,5,1.6136363636363635,Trastuzumab
ind6b,Tras,5,0.5619593602089114,Trastuzumab
ind6b,Tras,5,0.4666027419618084,Trastuzumab
ind6b,Tras,5,0.9840800282900821,Trastuzumab
ind6b,Tras,10,1.6254188703621462,Trastuzumab
ind6b,Tras,10,0.6586660745286447,Trastuzumab
ind6b,Tras,10,0.752062389815226,Trastuzumab
ind6b,Tras,10,0.842255776710135,Trastuzumab
ind6b,Veh,0.01,0.9841049850578197,Vehicle
ind6b,Veh,0.01,1,Vehicle
ind6b,Veh,0.01,0.864459266317294,Vehicle
ind6b,Veh,0.01,1.1247130668283598,Vehicle
ind6b,Veh,0.05,1.0293764988009593,Vehicle
ind6b,Veh,0.05,1,Vehicle
ind6b,Veh,0.05,0.8886390887290168,Vehicle
ind6b,Veh,0.05,0.8041067146282974,Vehicle
ind6b,Veh,0.1,0.7881044806503015,Vehicle
ind6b,Veh,0.1,1,Vehicle
ind6b,Veh,0.1,0.9169012403742883,Vehicle
ind6b,Veh,0.1,1.0420337364959251,Vehicle
ind6b,Veh,0.5,1.3168449512166451,Vehicle
ind6b,Veh,0.5,1,Vehicle
ind6b,Veh,0.5,0.6873163277301046,Vehicle
ind6b,Veh,0.5,0.9997335527604717,Vehicle
ind6b,Veh,1,2.662164835826545,Vehicle
ind6b,Veh,1,0.9001625820437166,Vehicle
ind6b,Veh,1,1,Vehicle
ind6b,Veh,1,1.0645682973616977,Vehicle
ind6b,Veh,5,1,Vehicle
ind6b,Veh,5,1.1477068712257221,Vehicle
ind6b,Veh,5,0.8713277297209074,Vehicle
ind6b,Veh,5,1.0508337413633644,Vehicle
ind6b,Veh,10,0.6473414348580887,Vehicle
ind6b,Veh,10,1,Vehicle
ind6b,Veh,10,1.6862610521216037,Vehicle
ind6b,Veh,10,0.5946478797421507,Vehicle
ind6b,Veh,50,0.7811298577270612,Vehicle
ind6b,Veh,50,1.0761564267698411,Vehicle
ind6b,Veh,50,1,Vehicle
ind6b,Veh,50,0.6565043138983437,Vehicle
